Country,StateName,StateCode,Year,GENDER,I1227_4_sum,I1227_4_avg,I1227_5_sum,I1227_5_avg,I1227_6_sum,I1227_6_avg,I1227_7_sum,I1227_7_avg,I1227_8_sum,I1227_8_avg
India,Mizoram,15,"Calendar Year (Jan - Dec), 2023",TransGender,0,0.0,,,,,,,,
India,Jammu And Kashmir,1,"Calendar Year (Jan - Dec), 2022",Male,5162,5162.0,4251.0,4251.0,196.0,196.0,82.0,82.0,4.0,4.0
India,Lakshadweep,31,"Calendar Year (Jan - Dec), 2023",TransGender,0,0.0,,,,,,,,
India,Andaman And Nicobar Islands,35,"Calendar Year (Jan - Dec), 2023",TransGender,0,0.0,,,,,,,,
India,Himachal Pradesh,2,"Calendar Year (Jan - Dec), 2021",Male,11243,11243.0,9898.0,9898.0,638.0,638.0,88.0,88.0,6.0,6.0
India,Himachal Pradesh,2,"Calendar Year (Jan - Dec), 2023",Male,8970,8970.0,7753.0,7753.0,630.0,630.0,86.4,86.4,7.0,7.0
India,Sikkim,11,"Calendar Year (Jan - Dec), 2021",Male,827,827.0,650.0,650.0,43.0,43.0,79.0,79.0,5.0,5.0
India,Sikkim,11,"Calendar Year (Jan - Dec), 2021",TransGender,0,0.0,0.0,0.0,,,,,,
India,Jammu And Kashmir,1,"Calendar Year (Jan - Dec), 2021",Female,4739,4739.0,4107.0,4107.0,111.0,111.0,87.0,87.0,2.0,2.0
India,Jammu And Kashmir,1,"Calendar Year (Jan - Dec), 2021",Male,6743,6743.0,5628.0,5628.0,197.0,197.0,83.0,83.0,3.0,3.0
India,Jammu And Kashmir,1,"Calendar Year (Jan - Dec), 2021",TransGender,25,25.0,22.0,22.0,0.0,0.0,88.0,88.0,0.0,0.0
India,Jammu And Kashmir,1,"Calendar Year (Jan - Dec), 2022",Female,3634,3634.0,3036.0,3036.0,113.0,113.0,84.0,84.0,3.0,3.0
India,Jammu And Kashmir,1,"Calendar Year (Jan - Dec), 2022",TransGender,4,4.0,3.0,3.0,0.0,0.0,75.0,75.0,0.0,0.0
India,Jammu And Kashmir,1,"Calendar Year (Jan - Dec), 2023",Female,4556,4556.0,4019.0,4019.0,143.0,143.0,88.2,88.2,3.1,3.1
India,Jammu And Kashmir,1,"Calendar Year (Jan - Dec), 2023",Male,6349,6349.0,5370.0,5370.0,274.0,274.0,84.6,84.6,4.3,4.3
India,Jammu And Kashmir,1,"Calendar Year (Jan - Dec), 2023",TransGender,4,4.0,4.0,4.0,0.0,0.0,100.0,100.0,0.0,0.0
India,Himachal Pradesh,2,"Calendar Year (Jan - Dec), 2021",Female,6647,6647.0,6040.0,6040.0,241.0,241.0,91.0,91.0,4.0,4.0
India,Himachal Pradesh,2,"Calendar Year (Jan - Dec), 2021",TransGender,21,21.0,16.0,16.0,1.0,1.0,76.0,76.0,5.0,5.0
India,Himachal Pradesh,2,"Calendar Year (Jan - Dec), 2022",Female,5082,5082.0,4567.0,4567.0,185.0,185.0,90.0,90.0,4.0,4.0
India,Himachal Pradesh,2,"Calendar Year (Jan - Dec), 2022",Male,8210,8210.0,7070.0,7070.0,538.0,538.0,86.0,86.0,7.0,7.0
India,Himachal Pradesh,2,"Calendar Year (Jan - Dec), 2022",TransGender,7,7.0,6.0,6.0,0.0,0.0,86.0,86.0,0.0,0.0
India,Himachal Pradesh,2,"Calendar Year (Jan - Dec), 2023",Female,5559,5559.0,4976.0,4976.0,261.0,261.0,89.5,89.5,4.7,4.7
India,Himachal Pradesh,2,"Calendar Year (Jan - Dec), 2023",TransGender,3,3.0,2.0,2.0,0.0,0.0,66.7,66.7,0.0,0.0
India,Punjab,3,"Calendar Year (Jan - Dec), 2021",Female,24979,24979.0,20575.0,20575.0,1014.0,1014.0,82.0,82.0,4.0,4.0
India,Punjab,3,"Calendar Year (Jan - Dec), 2021",Male,34342,34342.0,26954.0,26954.0,1928.0,1928.0,78.0,78.0,6.0,6.0
India,Punjab,3,"Calendar Year (Jan - Dec), 2021",TransGender,78,78.0,58.0,58.0,3.0,3.0,74.0,74.0,4.0,4.0
India,Punjab,3,"Calendar Year (Jan - Dec), 2022",Female,19811,19811.0,16224.0,16224.0,892.0,892.0,82.0,82.0,5.0,5.0
India,Punjab,3,"Calendar Year (Jan - Dec), 2022",Male,26639,26639.0,20749.0,20749.0,1769.0,1769.0,78.0,78.0,7.0,7.0
India,Punjab,3,"Calendar Year (Jan - Dec), 2022",TransGender,41,41.0,33.0,33.0,6.0,6.0,80.0,80.0,15.0,15.0
India,Punjab,3,"Calendar Year (Jan - Dec), 2023",Female,22607,22607.0,19464.0,19464.0,917.0,917.0,86.1,86.1,4.1,4.1
India,Punjab,3,"Calendar Year (Jan - Dec), 2023",Male,29611,29611.0,24597.0,24597.0,1700.0,1700.0,83.1,83.1,5.7,5.7
India,Punjab,3,"Calendar Year (Jan - Dec), 2023",TransGender,35,35.0,31.0,31.0,2.0,2.0,88.6,88.6,5.7,5.7
India,Chandigarh,4,"Calendar Year (Jan - Dec), 2021",Female,1578,1578.0,1343.0,1343.0,49.0,49.0,85.0,85.0,3.0,3.0
India,Chandigarh,4,"Calendar Year (Jan - Dec), 2021",Male,1952,1952.0,1537.0,1537.0,74.0,74.0,79.0,79.0,4.0,4.0
India,Chandigarh,4,"Calendar Year (Jan - Dec), 2021",TransGender,10,10.0,10.0,10.0,0.0,0.0,100.0,100.0,0.0,0.0
India,Chandigarh,4,"Calendar Year (Jan - Dec), 2022",Female,1309,1309.0,1123.0,1123.0,42.0,42.0,86.0,86.0,3.0,3.0
India,Chandigarh,4,"Calendar Year (Jan - Dec), 2022",Male,1515,1515.0,1151.0,1151.0,87.0,87.0,76.0,76.0,6.0,6.0
India,Chandigarh,4,"Calendar Year (Jan - Dec), 2022",TransGender,5,5.0,4.0,4.0,0.0,0.0,80.0,80.0,0.0,0.0
India,Chandigarh,4,"Calendar Year (Jan - Dec), 2023",Female,1463,1463.0,1266.0,1266.0,41.0,41.0,86.5,86.5,2.8,2.8
India,Chandigarh,4,"Calendar Year (Jan - Dec), 2023",Male,1675,1675.0,1373.0,1373.0,76.0,76.0,82.0,82.0,4.5,4.5
India,Chandigarh,4,"Calendar Year (Jan - Dec), 2023",TransGender,7,7.0,7.0,7.0,0.0,0.0,100.0,100.0,0.0,0.0
India,Uttarakhand,5,"Calendar Year (Jan - Dec), 2021",Female,10295,10295.0,8763.0,8763.0,278.0,278.0,85.0,85.0,3.0,3.0
India,Uttarakhand,5,"Calendar Year (Jan - Dec), 2021",Male,14805,14805.0,11889.0,11889.0,685.0,685.0,80.0,80.0,5.0,5.0
India,Uttarakhand,5,"Calendar Year (Jan - Dec), 2021",TransGender,27,27.0,24.0,24.0,1.0,1.0,89.0,89.0,4.0,4.0
India,Uttarakhand,5,"Calendar Year (Jan - Dec), 2022",Female,8074,8074.0,6917.0,6917.0,204.0,204.0,86.0,86.0,3.0,3.0
India,Uttarakhand,5,"Calendar Year (Jan - Dec), 2022",Male,11595,11595.0,9485.0,9485.0,539.0,539.0,82.0,82.0,5.0,5.0
India,Uttarakhand,5,"Calendar Year (Jan - Dec), 2022",TransGender,12,12.0,10.0,10.0,0.0,0.0,83.0,83.0,0.0,0.0
India,Uttarakhand,5,"Calendar Year (Jan - Dec), 2023",Female,9790,9790.0,8707.0,8707.0,246.0,246.0,88.9,88.9,2.5,2.5
India,Uttarakhand,5,"Calendar Year (Jan - Dec), 2023",Male,13427,13427.0,11430.0,11430.0,617.0,617.0,85.1,85.1,4.6,4.6
India,Uttarakhand,5,"Calendar Year (Jan - Dec), 2023",TransGender,14,14.0,12.0,12.0,0.0,0.0,85.7,85.7,0.0,0.0
India,Haryana,6,"Calendar Year (Jan - Dec), 2021",Female,28627,28627.0,23282.0,23282.0,778.0,778.0,81.0,81.0,3.0,3.0
India,Haryana,6,"Calendar Year (Jan - Dec), 2021",Male,45325,45325.0,34482.0,34482.0,2233.0,2233.0,76.0,76.0,5.0,5.0
India,Haryana,6,"Calendar Year (Jan - Dec), 2021",TransGender,81,81.0,63.0,63.0,3.0,3.0,78.0,78.0,4.0,4.0
India,Haryana,6,"Calendar Year (Jan - Dec), 2022",Female,25019,25019.0,20380.0,20380.0,730.0,730.0,81.0,81.0,3.0,3.0
India,Haryana,6,"Calendar Year (Jan - Dec), 2022",Male,37986,37986.0,29102.0,29102.0,1907.0,1907.0,77.0,77.0,5.0,5.0
India,Haryana,6,"Calendar Year (Jan - Dec), 2022",TransGender,31,31.0,23.0,23.0,1.0,1.0,74.0,74.0,3.0,3.0
India,Haryana,6,"Calendar Year (Jan - Dec), 2023",Female,28272,28272.0,24338.0,24338.0,882.0,882.0,86.1,86.1,3.1,3.1
India,Haryana,6,"Calendar Year (Jan - Dec), 2023",Male,41292,41292.0,33732.0,33732.0,2181.0,2181.0,81.7,81.7,5.3,5.3
India,Haryana,6,"Calendar Year (Jan - Dec), 2023",TransGender,31,31.0,27.0,27.0,2.0,2.0,87.1,87.1,6.5,6.5
India,Delhi,7,"Calendar Year (Jan - Dec), 2021",Female,45548,45548.0,33554.0,33554.0,775.0,775.0,74.0,74.0,2.0,2.0
India,Delhi,7,"Calendar Year (Jan - Dec), 2021",Male,51575,51575.0,34135.0,34135.0,1553.0,1553.0,66.0,66.0,3.0,3.0
India,Delhi,7,"Calendar Year (Jan - Dec), 2021",TransGender,89,89.0,59.0,59.0,1.0,1.0,66.0,66.0,1.0,1.0
India,Delhi,7,"Calendar Year (Jan - Dec), 2022",Female,35181,35181.0,26460.0,26460.0,716.0,716.0,75.0,75.0,2.0,2.0
India,Delhi,7,"Calendar Year (Jan - Dec), 2022",Male,38153,38153.0,26398.0,26398.0,1290.0,1290.0,69.0,69.0,3.0,3.0
India,Delhi,7,"Calendar Year (Jan - Dec), 2022",TransGender,56,56.0,35.0,35.0,2.0,2.0,63.0,63.0,4.0,4.0
India,Delhi,7,"Calendar Year (Jan - Dec), 2023",Female,40945,40945.0,31571.0,31571.0,850.0,850.0,77.1,77.1,2.1,2.1
India,Delhi,7,"Calendar Year (Jan - Dec), 2023",Male,41276,41276.0,29373.0,29373.0,1447.0,1447.0,71.2,71.2,3.5,3.5
India,Delhi,7,"Calendar Year (Jan - Dec), 2023",TransGender,56,56.0,47.0,47.0,0.0,0.0,83.9,83.9,0.0,0.0
India,Rajasthan,8,"Calendar Year (Jan - Dec), 2021",Female,57748,57748.0,47443.0,47443.0,1221.0,1221.0,82.0,82.0,2.0,2.0
India,Rajasthan,8,"Calendar Year (Jan - Dec), 2021",Male,116266,116266.0,90649.0,90649.0,4110.0,4110.0,78.0,78.0,4.0,4.0
India,Rajasthan,8,"Calendar Year (Jan - Dec), 2021",TransGender,146,146.0,106.0,106.0,5.0,5.0,73.0,73.0,3.0,3.0
India,Rajasthan,8,"Calendar Year (Jan - Dec), 2022",Female,45619,45619.0,38893.0,38893.0,1120.0,1120.0,85.0,85.0,2.0,2.0
India,Rajasthan,8,"Calendar Year (Jan - Dec), 2022",Male,87795,87795.0,71039.0,71039.0,3495.0,3495.0,81.0,81.0,4.0,4.0
India,Rajasthan,8,"Calendar Year (Jan - Dec), 2022",TransGender,46,46.0,40.0,40.0,1.0,1.0,87.0,87.0,2.0,2.0
India,Rajasthan,8,"Calendar Year (Jan - Dec), 2023",Female,50998,50998.0,44597.0,44597.0,1205.0,1205.0,87.4,87.4,2.4,2.4
India,Rajasthan,8,"Calendar Year (Jan - Dec), 2023",Male,96883,96883.0,81378.0,81378.0,3645.0,3645.0,84.0,84.0,3.8,3.8
India,Rajasthan,8,"Calendar Year (Jan - Dec), 2023",TransGender,56,56.0,43.0,43.0,2.0,2.0,76.8,76.8,3.6,3.6
India,Uttar Pradesh,9,"Calendar Year (Jan - Dec), 2021",Female,198550,198550.0,166280.0,166280.0,6038.0,6038.0,84.0,84.0,3.0,3.0
India,Uttar Pradesh,9,"Calendar Year (Jan - Dec), 2021",Male,303051,303051.0,241711.0,241711.0,14492.0,14492.0,80.0,80.0,5.0,5.0
India,Uttar Pradesh,9,"Calendar Year (Jan - Dec), 2021",TransGender,450,450.0,360.0,360.0,19.0,19.0,80.0,80.0,4.0,4.0
India,Uttar Pradesh,9,"Calendar Year (Jan - Dec), 2022",Female,150653,150653.0,128972.0,128972.0,4494.0,4494.0,86.0,86.0,3.0,3.0
India,Uttar Pradesh,9,"Calendar Year (Jan - Dec), 2022",Male,212835,212835.0,174676.0,174676.0,10414.0,10414.0,82.0,82.0,5.0,5.0
India,Uttar Pradesh,9,"Calendar Year (Jan - Dec), 2022",TransGender,176,176.0,137.0,137.0,5.0,5.0,78.0,78.0,3.0,3.0
India,Uttar Pradesh,9,"Calendar Year (Jan - Dec), 2023",Female,190995,190995.0,168283.0,168283.0,4972.0,4972.0,88.1,88.1,2.6,2.6
India,Uttar Pradesh,9,"Calendar Year (Jan - Dec), 2023",Male,262277,262277.0,222667.0,222667.0,11523.0,11523.0,84.9,84.9,4.4,4.4
India,Uttar Pradesh,9,"Calendar Year (Jan - Dec), 2023",TransGender,214,214.0,186.0,186.0,5.0,5.0,86.9,86.9,2.3,2.3
India,Sikkim,11,"Calendar Year (Jan - Dec), 2022",Female,497,497.0,447.0,447.0,16.0,16.0,90.0,90.0,3.0,3.0
India,Bihar,10,"Calendar Year (Jan - Dec), 2021",Female,44190,44190.0,33783.0,33783.0,1041.0,1041.0,76.0,76.0,2.0,2.0
India,Bihar,10,"Calendar Year (Jan - Dec), 2021",Male,82188,82188.0,61112.0,61112.0,2267.0,2267.0,74.0,74.0,3.0,3.0
India,Bihar,10,"Calendar Year (Jan - Dec), 2021",TransGender,122,122.0,94.0,94.0,1.0,1.0,77.0,77.0,1.0,1.0
India,Bihar,10,"Calendar Year (Jan - Dec), 2022",Female,36546,36546.0,28995.0,28995.0,1149.0,1149.0,79.0,79.0,3.0,3.0
India,Bihar,10,"Calendar Year (Jan - Dec), 2022",Male,63111,63111.0,48458.0,48458.0,2189.0,2189.0,77.0,77.0,3.0,3.0
India,Bihar,10,"Calendar Year (Jan - Dec), 2022",TransGender,74,74.0,50.0,50.0,3.0,3.0,68.0,68.0,4.0,4.0
India,Bihar,10,"Calendar Year (Jan - Dec), 2023",Female,51418,51418.0,42794.0,42794.0,1624.0,1624.0,83.2,83.2,3.2,3.2
India,Bihar,10,"Calendar Year (Jan - Dec), 2023",Male,81920,81920.0,66416.0,66416.0,3257.0,3257.0,81.1,81.1,4.0,4.0
India,Bihar,10,"Calendar Year (Jan - Dec), 2023",TransGender,57,57.0,40.0,40.0,0.0,0.0,70.2,70.2,0.0,0.0
India,Sikkim,11,"Calendar Year (Jan - Dec), 2021",Female,659,659.0,514.0,514.0,22.0,22.0,78.0,78.0,3.0,3.0
India,Sikkim,11,"Calendar Year (Jan - Dec), 2022",Male,642,642.0,575.0,575.0,29.0,29.0,90.0,90.0,5.0,5.0
India,Sikkim,11,"Calendar Year (Jan - Dec), 2022",TransGender,0,0.0,0.0,0.0,0.0,0.0,,,,
India,Sikkim,11,"Calendar Year (Jan - Dec), 2023",Female,570,570.0,511.0,511.0,17.0,17.0,89.6,89.6,3.0,3.0
India,Sikkim,11,"Calendar Year (Jan - Dec), 2023",Male,617,617.0,535.0,535.0,30.0,30.0,86.7,86.7,4.9,4.9
India,Sikkim,11,"Calendar Year (Jan - Dec), 2023",TransGender,0,0.0,,,,,,,,
India,Arunachal Pradesh,12,"Calendar Year (Jan - Dec), 2021",Female,1387,1387.0,1153.0,1153.0,32.0,32.0,83.0,83.0,2.0,2.0
India,Arunachal Pradesh,12,"Calendar Year (Jan - Dec), 2021",Male,1628,1628.0,1298.0,1298.0,46.0,46.0,80.0,80.0,3.0,3.0
India,Arunachal Pradesh,12,"Calendar Year (Jan - Dec), 2021",TransGender,5,5.0,5.0,5.0,0.0,0.0,100.0,100.0,0.0,0.0
India,Arunachal Pradesh,12,"Calendar Year (Jan - Dec), 2022",Female,1132,1132.0,949.0,949.0,25.0,25.0,84.0,84.0,2.0,2.0
India,Arunachal Pradesh,12,"Calendar Year (Jan - Dec), 2022",Male,1288,1288.0,1061.0,1061.0,53.0,53.0,82.0,82.0,4.0,4.0
India,Arunachal Pradesh,12,"Calendar Year (Jan - Dec), 2022",TransGender,4,4.0,4.0,4.0,0.0,0.0,100.0,100.0,0.0,0.0
India,Arunachal Pradesh,12,"Calendar Year (Jan - Dec), 2023",Female,1237,1237.0,993.0,993.0,28.0,28.0,80.3,80.3,2.3,2.3
India,Arunachal Pradesh,12,"Calendar Year (Jan - Dec), 2023",Male,1483,1483.0,1165.0,1165.0,45.0,45.0,78.6,78.6,3.0,3.0
India,Arunachal Pradesh,12,"Calendar Year (Jan - Dec), 2023",TransGender,6,6.0,5.0,5.0,0.0,0.0,83.3,83.3,0.0,0.0
India,Nagaland,13,"Calendar Year (Jan - Dec), 2021",Female,1968,1968.0,1659.0,1659.0,30.0,30.0,84.0,84.0,2.0,2.0
India,Nagaland,13,"Calendar Year (Jan - Dec), 2021",Male,2836,2836.0,2284.0,2284.0,88.0,88.0,81.0,81.0,3.0,3.0
India,Nagaland,13,"Calendar Year (Jan - Dec), 2021",TransGender,6,6.0,6.0,6.0,0.0,0.0,100.0,100.0,0.0,0.0
India,Nagaland,13,"Calendar Year (Jan - Dec), 2022",Female,1380,1380.0,1121.0,1121.0,39.0,39.0,81.0,81.0,3.0,3.0
India,Nagaland,13,"Calendar Year (Jan - Dec), 2022",Male,2134,2134.0,1718.0,1718.0,57.0,57.0,81.0,81.0,3.0,3.0
India,Nagaland,13,"Calendar Year (Jan - Dec), 2022",TransGender,4,4.0,2.0,2.0,1.0,1.0,50.0,50.0,25.0,25.0
India,Nagaland,13,"Calendar Year (Jan - Dec), 2023",Female,1393,1393.0,1202.0,1202.0,46.0,46.0,86.3,86.3,3.3,3.3
India,Nagaland,13,"Calendar Year (Jan - Dec), 2023",Male,2240,2240.0,1917.0,1917.0,67.0,67.0,85.6,85.6,3.0,3.0
India,Nagaland,13,"Calendar Year (Jan - Dec), 2023",TransGender,3,3.0,3.0,3.0,0.0,0.0,100.0,100.0,0.0,0.0
India,Manipur,14,"Calendar Year (Jan - Dec), 2021",Female,974,974.0,664.0,664.0,30.0,30.0,68.0,68.0,3.0,3.0
India,Manipur,14,"Calendar Year (Jan - Dec), 2021",Male,1703,1703.0,1166.0,1166.0,48.0,48.0,68.0,68.0,3.0,3.0
India,Manipur,14,"Calendar Year (Jan - Dec), 2021",TransGender,3,3.0,2.0,2.0,0.0,0.0,67.0,67.0,0.0,0.0
India,Manipur,14,"Calendar Year (Jan - Dec), 2022",Female,555,555.0,436.0,436.0,20.0,20.0,79.0,79.0,4.0,4.0
India,Manipur,14,"Calendar Year (Jan - Dec), 2022",Male,1008,1008.0,808.0,808.0,35.0,35.0,80.0,80.0,3.0,3.0
India,Manipur,14,"Calendar Year (Jan - Dec), 2022",TransGender,1,1.0,1.0,1.0,0.0,0.0,100.0,100.0,0.0,0.0
India,Manipur,14,"Calendar Year (Jan - Dec), 2023",Female,657,657.0,522.0,522.0,18.0,18.0,79.5,79.5,2.7,2.7
India,Manipur,14,"Calendar Year (Jan - Dec), 2023",Male,1156,1156.0,918.0,918.0,55.0,55.0,79.4,79.4,4.8,4.8
India,Manipur,14,"Calendar Year (Jan - Dec), 2023",TransGender,2,2.0,2.0,2.0,0.0,0.0,100.0,100.0,0.0,0.0
India,Mizoram,15,"Calendar Year (Jan - Dec), 2021",Female,1324,1324.0,946.0,946.0,16.0,16.0,71.0,71.0,1.0,1.0
India,Mizoram,15,"Calendar Year (Jan - Dec), 2021",Male,1719,1719.0,1074.0,1074.0,39.0,39.0,62.0,62.0,2.0,2.0
India,Mizoram,15,"Calendar Year (Jan - Dec), 2021",TransGender,2,2.0,2.0,2.0,0.0,0.0,100.0,100.0,0.0,0.0
India,Mizoram,15,"Calendar Year (Jan - Dec), 2022",Female,900,900.0,811.0,811.0,24.0,24.0,90.0,90.0,3.0,3.0
India,Mizoram,15,"Calendar Year (Jan - Dec), 2022",Male,1088,1088.0,962.0,962.0,26.0,26.0,88.0,88.0,2.0,2.0
India,Mizoram,15,"Calendar Year (Jan - Dec), 2022",TransGender,0,0.0,0.0,0.0,0.0,0.0,,,,
India,Mizoram,15,"Calendar Year (Jan - Dec), 2023",Female,701,701.0,637.0,637.0,22.0,22.0,90.9,90.9,3.1,3.1
India,Mizoram,15,"Calendar Year (Jan - Dec), 2023",Male,969,969.0,840.0,840.0,50.0,50.0,86.7,86.7,5.2,5.2
India,Tripura,16,"Calendar Year (Jan - Dec), 2021",Female,759,759.0,633.0,633.0,41.0,41.0,83.0,83.0,5.0,5.0
India,Tripura,16,"Calendar Year (Jan - Dec), 2021",Male,2280,2280.0,1852.0,1852.0,136.0,136.0,81.0,81.0,6.0,6.0
India,Tripura,16,"Calendar Year (Jan - Dec), 2021",TransGender,0,0.0,0.0,0.0,,,,,,
India,Tripura,16,"Calendar Year (Jan - Dec), 2022",Female,542,542.0,458.0,458.0,36.0,36.0,85.0,85.0,7.0,7.0
India,Tripura,16,"Calendar Year (Jan - Dec), 2022",Male,1593,1593.0,1279.0,1279.0,123.0,123.0,80.0,80.0,8.0,8.0
India,Tripura,16,"Calendar Year (Jan - Dec), 2022",TransGender,2,2.0,2.0,2.0,0.0,0.0,100.0,100.0,0.0,0.0
India,Tripura,16,"Calendar Year (Jan - Dec), 2023",Female,684,684.0,587.0,587.0,43.0,43.0,85.8,85.8,6.3,6.3
India,Tripura,16,"Calendar Year (Jan - Dec), 2023",Male,2045,2045.0,1741.0,1741.0,124.0,124.0,85.1,85.1,6.1,6.1
India,Tripura,16,"Calendar Year (Jan - Dec), 2023",TransGender,0,0.0,,,,,,,,
India,Meghalaya,17,"Calendar Year (Jan - Dec), 2021",Female,2168,2168.0,1726.0,1726.0,77.0,77.0,80.0,80.0,4.0,4.0
India,Meghalaya,17,"Calendar Year (Jan - Dec), 2021",Male,3130,3130.0,2377.0,2377.0,154.0,154.0,76.0,76.0,5.0,5.0
India,Meghalaya,17,"Calendar Year (Jan - Dec), 2021",TransGender,5,5.0,1.0,1.0,0.0,0.0,20.0,20.0,0.0,0.0
India,Meghalaya,17,"Calendar Year (Jan - Dec), 2022",Female,1606,1606.0,1318.0,1318.0,63.0,63.0,82.0,82.0,4.0,4.0
India,Meghalaya,17,"Calendar Year (Jan - Dec), 2022",Male,2254,2254.0,1787.0,1787.0,122.0,122.0,79.0,79.0,5.0,5.0
India,Meghalaya,17,"Calendar Year (Jan - Dec), 2022",TransGender,4,4.0,4.0,4.0,0.0,0.0,100.0,100.0,0.0,0.0
India,Meghalaya,17,"Calendar Year (Jan - Dec), 2023",Female,1533,1533.0,1352.0,1352.0,50.0,50.0,88.2,88.2,3.3,3.3
India,Meghalaya,17,"Calendar Year (Jan - Dec), 2023",Male,2380,2380.0,1967.0,1967.0,130.0,130.0,82.6,82.6,5.5,5.5
India,Meghalaya,17,"Calendar Year (Jan - Dec), 2023",TransGender,3,3.0,3.0,3.0,0.0,0.0,100.0,100.0,0.0,0.0
India,Assam,18,"Calendar Year (Jan - Dec), 2021",Female,16119,16119.0,13675.0,13675.0,481.0,481.0,85.0,85.0,3.0,3.0
India,Assam,18,"Calendar Year (Jan - Dec), 2021",Male,32606,32606.0,26736.0,26736.0,1446.0,1446.0,82.0,82.0,4.0,4.0
India,Assam,18,"Calendar Year (Jan - Dec), 2021",TransGender,40,40.0,33.0,33.0,2.0,2.0,83.0,83.0,5.0,5.0
India,Assam,18,"Calendar Year (Jan - Dec), 2022",Female,11352,11352.0,9667.0,9667.0,400.0,400.0,85.0,85.0,4.0,4.0
India,Assam,18,"Calendar Year (Jan - Dec), 2022",Male,23167,23167.0,19208.0,19208.0,1022.0,1022.0,83.0,83.0,4.0,4.0
India,Assam,18,"Calendar Year (Jan - Dec), 2022",TransGender,21,21.0,21.0,21.0,0.0,0.0,100.0,100.0,0.0,0.0
India,Assam,18,"Calendar Year (Jan - Dec), 2023",Female,12494,12494.0,11147.0,11147.0,470.0,470.0,89.2,89.2,3.8,3.8
India,Assam,18,"Calendar Year (Jan - Dec), 2023",Male,25048,25048.0,21934.0,21934.0,1179.0,1179.0,87.6,87.6,4.7,4.7
India,Assam,18,"Calendar Year (Jan - Dec), 2023",TransGender,11,11.0,10.0,10.0,0.0,0.0,90.9,90.9,0.0,0.0
India,West Bengal,19,"Calendar Year (Jan - Dec), 2021",Female,36074,36074.0,29463.0,29463.0,1459.0,1459.0,82.0,82.0,4.0,4.0
India,West Bengal,19,"Calendar Year (Jan - Dec), 2021",Male,75518,75518.0,60372.0,60372.0,4333.0,4333.0,80.0,80.0,6.0,6.0
India,West Bengal,19,"Calendar Year (Jan - Dec), 2021",TransGender,71,71.0,57.0,57.0,2.0,2.0,80.0,80.0,3.0,3.0
India,West Bengal,19,"Calendar Year (Jan - Dec), 2022",Female,25416,25416.0,21637.0,21637.0,1151.0,1151.0,85.0,85.0,5.0,5.0
India,West Bengal,19,"Calendar Year (Jan - Dec), 2022",Male,52038,52038.0,43509.0,43509.0,3167.0,3167.0,84.0,84.0,6.0,6.0
India,West Bengal,19,"Calendar Year (Jan - Dec), 2022",TransGender,23,23.0,19.0,19.0,2.0,2.0,83.0,83.0,9.0,9.0
India,West Bengal,19,"Calendar Year (Jan - Dec), 2023",Female,29325,29325.0,24726.0,24726.0,1262.0,1262.0,84.3,84.3,4.3,4.3
India,West Bengal,19,"Calendar Year (Jan - Dec), 2023",Male,59930,59930.0,49688.0,49688.0,3701.0,3701.0,82.9,82.9,6.2,6.2
India,West Bengal,19,"Calendar Year (Jan - Dec), 2023",TransGender,22,22.0,18.0,18.0,0.0,0.0,81.8,81.8,0.0,0.0
India,Jharkhand,20,"Calendar Year (Jan - Dec), 2021",Female,17795,17795.0,13606.0,13606.0,353.0,353.0,76.0,76.0,2.0,2.0
India,Jharkhand,20,"Calendar Year (Jan - Dec), 2021",Male,39679,39679.0,30138.0,30138.0,1056.0,1056.0,76.0,76.0,3.0,3.0
India,Jharkhand,20,"Calendar Year (Jan - Dec), 2021",TransGender,56,56.0,42.0,42.0,1.0,1.0,75.0,75.0,2.0,2.0
India,Jharkhand,20,"Calendar Year (Jan - Dec), 2022",Female,14460,14460.0,12250.0,12250.0,424.0,424.0,85.0,85.0,3.0,3.0
India,Jharkhand,20,"Calendar Year (Jan - Dec), 2022",Male,31191,31191.0,25783.0,25783.0,1144.0,1144.0,83.0,83.0,4.0,4.0
India,Jharkhand,20,"Calendar Year (Jan - Dec), 2022",TransGender,9,9.0,8.0,8.0,0.0,0.0,89.0,89.0,0.0,0.0
India,Jharkhand,20,"Calendar Year (Jan - Dec), 2023",Female,17097,17097.0,14917.0,14917.0,474.0,474.0,87.2,87.2,2.8,2.8
India,Jharkhand,20,"Calendar Year (Jan - Dec), 2023",Male,35675,35675.0,30739.0,30739.0,1351.0,1351.0,86.2,86.2,3.8,3.8
India,Jharkhand,20,"Calendar Year (Jan - Dec), 2023",TransGender,20,20.0,16.0,16.0,1.0,1.0,80.0,80.0,5.0,5.0
India,Odisha,21,"Calendar Year (Jan - Dec), 2021",Female,17599,17599.0,15629.0,15629.0,775.0,775.0,89.0,89.0,4.0,4.0
India,Odisha,21,"Calendar Year (Jan - Dec), 2021",Male,35390,35390.0,30407.0,30407.0,2032.0,2032.0,86.0,86.0,6.0,6.0
India,Odisha,21,"Calendar Year (Jan - Dec), 2021",TransGender,63,63.0,55.0,55.0,3.0,3.0,87.0,87.0,5.0,5.0
India,Odisha,21,"Calendar Year (Jan - Dec), 2022",Female,14766,14766.0,13324.0,13324.0,703.0,703.0,90.0,90.0,5.0,5.0
India,Odisha,21,"Calendar Year (Jan - Dec), 2022",Male,30204,30204.0,26649.0,26649.0,1803.0,1803.0,88.0,88.0,6.0,6.0
India,Odisha,21,"Calendar Year (Jan - Dec), 2022",TransGender,25,25.0,22.0,22.0,0.0,0.0,88.0,88.0,0.0,0.0
India,Odisha,21,"Calendar Year (Jan - Dec), 2023",Female,17298,17298.0,15764.0,15764.0,801.0,801.0,91.1,91.1,4.6,4.6
India,Odisha,21,"Calendar Year (Jan - Dec), 2023",Male,34472,34472.0,30694.0,30694.0,2170.0,2170.0,89.0,89.0,6.3,6.3
India,Odisha,21,"Calendar Year (Jan - Dec), 2023",TransGender,18,18.0,15.0,15.0,2.0,2.0,83.3,83.3,11.1,11.1
India,Chhattisgarh,22,"Calendar Year (Jan - Dec), 2021",Female,14966,14966.0,12870.0,12870.0,448.0,448.0,86.0,86.0,3.0,3.0
India,Chhattisgarh,22,"Calendar Year (Jan - Dec), 2021",Male,28473,28473.0,23616.0,23616.0,1221.0,1221.0,83.0,83.0,4.0,4.0
India,Chhattisgarh,22,"Calendar Year (Jan - Dec), 2021",TransGender,41,41.0,35.0,35.0,4.0,4.0,85.0,85.0,10.0,10.0
India,Chhattisgarh,22,"Calendar Year (Jan - Dec), 2022",Female,10593,10593.0,9248.0,9248.0,376.0,376.0,87.0,87.0,4.0,4.0
India,Chhattisgarh,22,"Calendar Year (Jan - Dec), 2022",Male,18493,18493.0,15818.0,15818.0,1002.0,1002.0,86.0,86.0,5.0,5.0
India,Chhattisgarh,22,"Calendar Year (Jan - Dec), 2022",TransGender,18,18.0,14.0,14.0,2.0,2.0,78.0,78.0,11.0,11.0
India,Chhattisgarh,22,"Calendar Year (Jan - Dec), 2023",Female,11957,11957.0,10571.0,10571.0,518.0,518.0,88.4,88.4,4.3,4.3
India,Chhattisgarh,22,"Calendar Year (Jan - Dec), 2023",Male,20210,20210.0,17058.0,17058.0,1328.0,1328.0,84.4,84.4,6.6,6.6
India,Chhattisgarh,22,"Calendar Year (Jan - Dec), 2023",TransGender,17,17.0,17.0,17.0,0.0,0.0,100.0,100.0,0.0,0.0
India,Madhya Pradesh,23,"Calendar Year (Jan - Dec), 2021",Female,67883,67883.0,55367.0,55367.0,1593.0,1593.0,82.0,82.0,2.0,2.0
India,Madhya Pradesh,23,"Calendar Year (Jan - Dec), 2021",Male,119228,119228.0,91160.0,91160.0,4345.0,4345.0,76.0,76.0,4.0,4.0
India,Madhya Pradesh,23,"Calendar Year (Jan - Dec), 2021",TransGender,185,185.0,147.0,147.0,5.0,5.0,79.0,79.0,3.0,3.0
India,Madhya Pradesh,23,"Calendar Year (Jan - Dec), 2022",Female,50151,50151.0,41525.0,41525.0,1323.0,1323.0,83.0,83.0,3.0,3.0
India,Madhya Pradesh,23,"Calendar Year (Jan - Dec), 2022",Male,85532,85532.0,66420.0,66420.0,3471.0,3471.0,78.0,78.0,4.0,4.0
India,Madhya Pradesh,23,"Calendar Year (Jan - Dec), 2022",TransGender,76,76.0,61.0,61.0,1.0,1.0,80.0,80.0,1.0,1.0
India,Madhya Pradesh,23,"Calendar Year (Jan - Dec), 2023",Female,63342,63342.0,55460.0,55460.0,1738.0,1738.0,87.6,87.6,2.7,2.7
India,Madhya Pradesh,23,"Calendar Year (Jan - Dec), 2023",Male,102694,102694.0,85228.0,85228.0,4902.0,4902.0,83.0,83.0,4.8,4.8
India,Madhya Pradesh,23,"Calendar Year (Jan - Dec), 2023",TransGender,62,62.0,50.0,50.0,3.0,3.0,80.6,80.6,4.8,4.8
India,Gujarat,24,"Calendar Year (Jan - Dec), 2021",Female,54418,54418.0,47215.0,47215.0,1942.0,1942.0,87.0,87.0,4.0,4.0
India,Gujarat,24,"Calendar Year (Jan - Dec), 2021",Male,101713,101713.0,83963.0,83963.0,5545.0,5545.0,83.0,83.0,5.0,5.0
India,Gujarat,24,"Calendar Year (Jan - Dec), 2021",TransGender,92,92.0,74.0,74.0,2.0,2.0,80.0,80.0,2.0,2.0
India,Gujarat,24,"Calendar Year (Jan - Dec), 2022",Female,41423,41423.0,37464.0,37464.0,1444.0,1444.0,90.0,90.0,3.0,3.0
India,Gujarat,24,"Calendar Year (Jan - Dec), 2022",Male,73866,73866.0,63970.0,63970.0,4027.0,4027.0,87.0,87.0,5.0,5.0
India,Gujarat,24,"Calendar Year (Jan - Dec), 2022",TransGender,56,56.0,50.0,50.0,1.0,1.0,89.0,89.0,2.0,2.0
India,Gujarat,24,"Calendar Year (Jan - Dec), 2023",Female,49881,49881.0,45438.0,45438.0,1747.0,1747.0,91.1,91.1,3.5,3.5
India,Gujarat,24,"Calendar Year (Jan - Dec), 2023",Male,88146,88146.0,77048.0,77048.0,5093.0,5093.0,87.4,87.4,5.8,5.8
India,Gujarat,24,"Calendar Year (Jan - Dec), 2023",TransGender,40,40.0,32.0,32.0,6.0,6.0,80.0,80.0,15.0,15.0
India,Maharashtra,27,"Calendar Year (Jan - Dec), 2021",Female,96781,96781.0,78756.0,78756.0,3287.0,3287.0,81.0,81.0,3.0,3.0
India,Maharashtra,27,"Calendar Year (Jan - Dec), 2021",Male,126223,126223.0,99726.0,99726.0,6756.0,6756.0,79.0,79.0,5.0,5.0
India,Maharashtra,27,"Calendar Year (Jan - Dec), 2021",TransGender,203,203.0,155.0,155.0,7.0,7.0,76.0,76.0,3.0,3.0
India,Maharashtra,27,"Calendar Year (Jan - Dec), 2022",Female,66324,66324.0,56972.0,56972.0,2370.0,2370.0,86.0,86.0,4.0,4.0
India,Maharashtra,27,"Calendar Year (Jan - Dec), 2022",Male,81008,81008.0,67268.0,67268.0,4614.0,4614.0,83.0,83.0,6.0,6.0
India,Maharashtra,27,"Calendar Year (Jan - Dec), 2022",TransGender,88,88.0,77.0,77.0,4.0,4.0,88.0,88.0,5.0,5.0
India,Maharashtra,27,"Calendar Year (Jan - Dec), 2023",Female,84911,84911.0,74933.0,74933.0,2736.0,2736.0,88.2,88.2,3.2,3.2
India,Maharashtra,27,"Calendar Year (Jan - Dec), 2023",Male,97556,97556.0,83525.0,83525.0,5067.0,5067.0,85.6,85.6,5.2,5.2
India,Andhra Pradesh,28,"Calendar Year (Jan - Dec), 2022",Male,41020,41020.0,36519.0,36519.0,1838.0,1838.0,89.0,89.0,4.0,4.0
India,Maharashtra,27,"Calendar Year (Jan - Dec), 2023",TransGender,83,83.0,66.0,66.0,6.0,6.0,79.5,79.5,7.2,7.2
India,Andhra Pradesh,28,"Calendar Year (Jan - Dec), 2021",Female,33167,33167.0,30411.0,30411.0,959.0,959.0,92.0,92.0,3.0,3.0
India,Andhra Pradesh,28,"Calendar Year (Jan - Dec), 2021",Male,66611,66611.0,58619.0,58619.0,2991.0,2991.0,88.0,88.0,4.0,4.0
India,Andhra Pradesh,28,"Calendar Year (Jan - Dec), 2021",TransGender,124,124.0,106.0,106.0,6.0,6.0,85.0,85.0,5.0,5.0
India,Andhra Pradesh,28,"Calendar Year (Jan - Dec), 2022",Female,21862,21862.0,20127.0,20127.0,650.0,650.0,92.0,92.0,3.0,3.0
India,Andhra Pradesh,28,"Calendar Year (Jan - Dec), 2022",TransGender,32,32.0,29.0,29.0,2.0,2.0,91.0,91.0,6.0,6.0
India,Andhra Pradesh,28,"Calendar Year (Jan - Dec), 2023",Female,29686,29686.0,28021.0,28021.0,588.0,588.0,94.4,94.4,2.0,2.0
India,Andhra Pradesh,28,"Calendar Year (Jan - Dec), 2023",Male,55479,55479.0,51269.0,51269.0,1635.0,1635.0,92.4,92.4,2.9,2.9
India,Andhra Pradesh,28,"Calendar Year (Jan - Dec), 2023",TransGender,35,35.0,31.0,31.0,0.0,0.0,88.6,88.6,0.0,0.0
India,Karnataka,29,"Calendar Year (Jan - Dec), 2021",Female,32011,32011.0,26619.0,26619.0,1629.0,1629.0,83.0,83.0,5.0,5.0
India,Karnataka,29,"Calendar Year (Jan - Dec), 2021",Male,58101,58101.0,44875.0,44875.0,4308.0,4308.0,77.0,77.0,7.0,7.0
India,Karnataka,29,"Calendar Year (Jan - Dec), 2021",TransGender,88,88.0,67.0,67.0,5.0,5.0,76.0,76.0,6.0,6.0
India,Karnataka,29,"Calendar Year (Jan - Dec), 2022",Female,22949,22949.0,19481.0,19481.0,1219.0,1219.0,85.0,85.0,5.0,5.0
India,Karnataka,29,"Calendar Year (Jan - Dec), 2022",Male,39537,39537.0,31243.0,31243.0,3267.0,3267.0,79.0,79.0,8.0,8.0
India,Karnataka,29,"Calendar Year (Jan - Dec), 2022",TransGender,48,48.0,32.0,32.0,4.0,4.0,67.0,67.0,8.0,8.0
India,Karnataka,29,"Calendar Year (Jan - Dec), 2023",Female,25818,25818.0,22091.0,22091.0,1463.0,1463.0,85.6,85.6,5.7,5.7
India,Karnataka,29,"Calendar Year (Jan - Dec), 2023",Male,43554,43554.0,35168.0,35168.0,3771.0,3771.0,80.7,80.7,8.7,8.7
India,Karnataka,29,"Calendar Year (Jan - Dec), 2023",TransGender,33,33.0,28.0,28.0,2.0,2.0,84.8,84.8,6.1,6.1
India,Goa,30,"Calendar Year (Jan - Dec), 2021",Female,940,940.0,781.0,781.0,32.0,32.0,83.0,83.0,3.0,3.0
India,Goa,30,"Calendar Year (Jan - Dec), 2021",Male,1394,1394.0,1051.0,1051.0,43.0,43.0,75.0,75.0,3.0,3.0
India,Goa,30,"Calendar Year (Jan - Dec), 2021",TransGender,2,2.0,1.0,1.0,0.0,0.0,50.0,50.0,0.0,0.0
India,Goa,30,"Calendar Year (Jan - Dec), 2022",Female,695,695.0,607.0,607.0,32.0,32.0,87.0,87.0,5.0,5.0
India,Goa,30,"Calendar Year (Jan - Dec), 2022",Male,887,887.0,729.0,729.0,57.0,57.0,82.0,82.0,6.0,6.0
India,Goa,30,"Calendar Year (Jan - Dec), 2022",TransGender,2,2.0,2.0,2.0,0.0,0.0,100.0,100.0,0.0,0.0
India,Goa,30,"Calendar Year (Jan - Dec), 2023",Female,778,778.0,652.0,652.0,51.0,51.0,83.8,83.8,6.6,6.6
India,Goa,30,"Calendar Year (Jan - Dec), 2023",Male,1169,1169.0,907.0,907.0,124.0,124.0,77.6,77.6,10.6,10.6
India,Goa,30,"Calendar Year (Jan - Dec), 2023",TransGender,1,1.0,1.0,1.0,0.0,0.0,100.0,100.0,0.0,0.0
India,Lakshadweep,31,"Calendar Year (Jan - Dec), 2021",Female,6,6.0,5.0,5.0,0.0,0.0,83.0,83.0,0.0,0.0
India,Lakshadweep,31,"Calendar Year (Jan - Dec), 2021",Male,17,17.0,9.0,9.0,2.0,2.0,53.0,53.0,12.0,12.0
India,Lakshadweep,31,"Calendar Year (Jan - Dec), 2021",TransGender,0,0.0,0.0,0.0,,,,,,
India,Lakshadweep,31,"Calendar Year (Jan - Dec), 2022",Female,9,9.0,8.0,8.0,0.0,0.0,89.0,89.0,0.0,0.0
India,Lakshadweep,31,"Calendar Year (Jan - Dec), 2022",Male,8,8.0,7.0,7.0,0.0,0.0,88.0,88.0,0.0,0.0
India,Lakshadweep,31,"Calendar Year (Jan - Dec), 2022",TransGender,0,0.0,0.0,0.0,0.0,0.0,,,,
India,Lakshadweep,31,"Calendar Year (Jan - Dec), 2023",Female,11,11.0,11.0,11.0,0.0,0.0,100.0,100.0,0.0,0.0
India,Lakshadweep,31,"Calendar Year (Jan - Dec), 2023",Male,9,9.0,7.0,7.0,1.0,1.0,77.8,77.8,11.1,11.1
India,Kerala,32,"Calendar Year (Jan - Dec), 2021",Female,8514,8514.0,7231.0,7231.0,490.0,490.0,85.0,85.0,6.0,6.0
India,Kerala,32,"Calendar Year (Jan - Dec), 2021",Male,17117,17117.0,13929.0,13929.0,1369.0,1369.0,81.0,81.0,8.0,8.0
India,Kerala,32,"Calendar Year (Jan - Dec), 2021",TransGender,13,13.0,11.0,11.0,1.0,1.0,85.0,85.0,8.0,8.0
India,Kerala,32,"Calendar Year (Jan - Dec), 2022",Female,7219,7219.0,6045.0,6045.0,450.0,450.0,84.0,84.0,6.0,6.0
India,Kerala,32,"Calendar Year (Jan - Dec), 2022",Male,13414,13414.0,10720.0,10720.0,1217.0,1217.0,80.0,80.0,9.0,9.0
India,Kerala,32,"Calendar Year (Jan - Dec), 2022",TransGender,8,8.0,5.0,5.0,1.0,1.0,63.0,63.0,13.0,13.0
India,Kerala,32,"Calendar Year (Jan - Dec), 2023",Female,7801,7801.0,6413.0,6413.0,483.0,483.0,82.2,82.2,6.2,6.2
India,Kerala,32,"Calendar Year (Jan - Dec), 2023",Male,14081,14081.0,10977.0,10977.0,1296.0,1296.0,78.0,78.0,9.2,9.2
India,Kerala,32,"Calendar Year (Jan - Dec), 2023",TransGender,4,4.0,4.0,4.0,0.0,0.0,100.0,100.0,0.0,0.0
India,Tamil Nadu,33,"Calendar Year (Jan - Dec), 2021",Female,34824,34824.0,29869.0,29869.0,1232.0,1232.0,86.0,86.0,4.0,4.0
India,Tamil Nadu,33,"Calendar Year (Jan - Dec), 2021",Male,78661,78661.0,63553.0,63553.0,4462.0,4462.0,81.0,81.0,6.0,6.0
India,Tamil Nadu,33,"Calendar Year (Jan - Dec), 2021",TransGender,129,129.0,106.0,106.0,8.0,8.0,82.0,82.0,6.0,6.0
India,Tamil Nadu,33,"Calendar Year (Jan - Dec), 2022",Female,21757,21757.0,18666.0,18666.0,940.0,940.0,86.0,86.0,4.0,4.0
India,Tamil Nadu,33,"Calendar Year (Jan - Dec), 2022",Male,47157,47157.0,38192.0,38192.0,3109.0,3109.0,81.0,81.0,7.0,7.0
India,Tamil Nadu,33,"Calendar Year (Jan - Dec), 2022",TransGender,29,29.0,27.0,27.0,1.0,1.0,93.0,93.0,3.0,3.0
India,Tamil Nadu,33,"Calendar Year (Jan - Dec), 2023",Female,27184,27184.0,23390.0,23390.0,1201.0,1201.0,86.0,86.0,4.4,4.4
India,Tamil Nadu,33,"Calendar Year (Jan - Dec), 2023",Male,55469,55469.0,45300.0,45300.0,3763.0,3763.0,81.7,81.7,6.8,6.8
India,Tamil Nadu,33,"Calendar Year (Jan - Dec), 2023",TransGender,31,31.0,21.0,21.0,2.0,2.0,67.7,67.7,6.5,6.5
India,Puducherry,34,"Calendar Year (Jan - Dec), 2021",Female,555,555.0,474.0,474.0,32.0,32.0,85.0,85.0,6.0,6.0
India,Puducherry,34,"Calendar Year (Jan - Dec), 2021",Male,1096,1096.0,852.0,852.0,87.0,87.0,78.0,78.0,8.0,8.0
India,Puducherry,34,"Calendar Year (Jan - Dec), 2021",TransGender,1,1.0,1.0,1.0,0.0,0.0,100.0,100.0,0.0,0.0
India,Puducherry,34,"Calendar Year (Jan - Dec), 2022",Female,436,436.0,367.0,367.0,22.0,22.0,84.0,84.0,5.0,5.0
India,Puducherry,34,"Calendar Year (Jan - Dec), 2022",Male,783,783.0,627.0,627.0,58.0,58.0,80.0,80.0,7.0,7.0
India,Puducherry,34,"Calendar Year (Jan - Dec), 2022",TransGender,1,1.0,0.0,0.0,0.0,0.0,0.0,0.0,0.0,0.0
India,Puducherry,34,"Calendar Year (Jan - Dec), 2023",Female,485,485.0,415.0,415.0,23.0,23.0,85.6,85.6,4.7,4.7
India,Puducherry,34,"Calendar Year (Jan - Dec), 2023",Male,883,883.0,687.0,687.0,51.0,51.0,77.8,77.8,5.8,5.8
India,Puducherry,34,"Calendar Year (Jan - Dec), 2023",TransGender,1,1.0,1.0,1.0,0.0,0.0,100.0,100.0,0.0,0.0
India,Andaman And Nicobar Islands,35,"Calendar Year (Jan - Dec), 2021",Female,248,248.0,205.0,205.0,13.0,13.0,83.0,83.0,5.0,5.0
India,Andaman And Nicobar Islands,35,"Calendar Year (Jan - Dec), 2021",Male,353,353.0,279.0,279.0,17.0,17.0,79.0,79.0,5.0,5.0
India,Andaman And Nicobar Islands,35,"Calendar Year (Jan - Dec), 2021",TransGender,0,0.0,0.0,0.0,,,,,,
India,Andaman And Nicobar Islands,35,"Calendar Year (Jan - Dec), 2022",Female,171,171.0,154.0,154.0,4.0,4.0,90.0,90.0,2.0,2.0
India,Andaman And Nicobar Islands,35,"Calendar Year (Jan - Dec), 2022",Male,263,263.0,216.0,216.0,12.0,12.0,82.0,82.0,5.0,5.0
India,Andaman And Nicobar Islands,35,"Calendar Year (Jan - Dec), 2022",TransGender,0,0.0,0.0,0.0,0.0,0.0,,,,
India,Andaman And Nicobar Islands,35,"Calendar Year (Jan - Dec), 2023",Female,216,216.0,187.0,187.0,5.0,5.0,86.6,86.6,2.3,2.3
India,Andaman And Nicobar Islands,35,"Calendar Year (Jan - Dec), 2023",Male,264,264.0,229.0,229.0,8.0,8.0,86.7,86.7,3.0,3.0
India,Telangana,36,"Calendar Year (Jan - Dec), 2021",Female,26984,26984.0,24430.0,24430.0,731.0,731.0,91.0,91.0,3.0,3.0
India,Telangana,36,"Calendar Year (Jan - Dec), 2021",Male,44087,44087.0,38502.0,38502.0,1860.0,1860.0,87.0,87.0,4.0,4.0
India,Telangana,36,"Calendar Year (Jan - Dec), 2021",TransGender,82,82.0,72.0,72.0,5.0,5.0,88.0,88.0,6.0,6.0
India,Telangana,36,"Calendar Year (Jan - Dec), 2022",Female,23549,23549.0,21362.0,21362.0,519.0,519.0,91.0,91.0,2.0,2.0
India,Telangana,36,"Calendar Year (Jan - Dec), 2022",Male,37280,37280.0,32791.0,32791.0,1356.0,1356.0,88.0,88.0,4.0,4.0
India,Telangana,36,"Calendar Year (Jan - Dec), 2022",TransGender,28,28.0,23.0,23.0,1.0,1.0,82.0,82.0,4.0,4.0
India,Telangana,36,"Calendar Year (Jan - Dec), 2023",Female,23984,23984.0,22261.0,22261.0,528.0,528.0,92.8,92.8,2.2,2.2
India,Telangana,36,"Calendar Year (Jan - Dec), 2023",Male,35606,35606.0,32057.0,32057.0,1231.0,1231.0,90.0,90.0,3.5,3.5
India,Telangana,36,"Calendar Year (Jan - Dec), 2023",TransGender,25,25.0,25.0,25.0,0.0,0.0,100.0,100.0,0.0,0.0
India,Ladakh,37,"Calendar Year (Jan - Dec), 2021",Female,196,196.0,168.0,168.0,13.0,13.0,86.0,86.0,7.0,7.0
India,Ladakh,37,"Calendar Year (Jan - Dec), 2021",Male,225,225.0,193.0,193.0,13.0,13.0,86.0,86.0,6.0,6.0
India,Ladakh,37,"Calendar Year (Jan - Dec), 2021",TransGender,0,0.0,0.0,0.0,,,,,,
India,Ladakh,37,"Calendar Year (Jan - Dec), 2022",Female,116,116.0,89.0,89.0,11.0,11.0,77.0,77.0,9.0,9.0
India,Ladakh,37,"Calendar Year (Jan - Dec), 2022",Male,127,127.0,99.0,99.0,8.0,8.0,78.0,78.0,6.0,6.0
India,Ladakh,37,"Calendar Year (Jan - Dec), 2022",TransGender,0,0.0,0.0,0.0,0.0,0.0,,,,
India,Ladakh,37,"Calendar Year (Jan - Dec), 2023",Female,153,153.0,122.0,122.0,10.0,10.0,79.7,79.7,6.5,6.5
India,Ladakh,37,"Calendar Year (Jan - Dec), 2023",Male,167,167.0,141.0,141.0,12.0,12.0,84.4,84.4,7.2,7.2
India,Ladakh,37,"Calendar Year (Jan - Dec), 2023",TransGender,0,0.0,,,,,,,,
India,The Dadra And Nagar Haveli And Daman And Diu,38,"Calendar Year (Jan - Dec), 2021",Female,407,407.0,367.0,367.0,19.0,19.0,90.0,90.0,5.0,5.0
India,The Dadra And Nagar Haveli And Daman And Diu,38,"Calendar Year (Jan - Dec), 2021",Male,619,619.0,551.0,551.0,17.0,17.0,89.0,89.0,3.0,3.0
India,The Dadra And Nagar Haveli And Daman And Diu,38,"Calendar Year (Jan - Dec), 2021",TransGender,0,0.0,0.0,0.0,,,,,,
India,The Dadra And Nagar Haveli And Daman And Diu,38,"Calendar Year (Jan - Dec), 2022",Female,275,275.0,255.0,255.0,7.0,7.0,93.0,93.0,3.0,3.0
India,The Dadra And Nagar Haveli And Daman And Diu,38,"Calendar Year (Jan - Dec), 2022",Male,460,460.0,431.0,431.0,10.0,10.0,94.0,94.0,2.0,2.0
India,The Dadra And Nagar Haveli And Daman And Diu,38,"Calendar Year (Jan - Dec), 2022",TransGender,0,0.0,0.0,0.0,0.0,0.0,,,,
India,The Dadra And Nagar Haveli And Daman And Diu,38,"Calendar Year (Jan - Dec), 2023",Female,294,294.0,278.0,278.0,10.0,10.0,94.6,94.6,3.4,3.4
India,The Dadra And Nagar Haveli And Daman And Diu,38,"Calendar Year (Jan - Dec), 2023",Male,436,436.0,397.0,397.0,20.0,20.0,91.1,91.1,4.6,4.6
India,The Dadra And Nagar Haveli And Daman And Diu,38,"Calendar Year (Jan - Dec), 2023",TransGender,0,0.0,,,,,,,,
