Country,StateName,StateCode,Year,TRU,D7292_3,I7292_4_sum,I7292_4_avg,I7292_5_sum,I7292_5_avg,I7292_6_sum,I7292_6_avg,I7292_7_sum,I7292_7_avg,I7292_8_sum,I7292_8_avg,I7292_9_sum,I7292_9_avg,I7292_10_sum,I7292_10_avg,I7292_11_sum,I7292_11_avg,I7292_12_sum,I7292_12_avg,I7292_13_sum,I7292_13_avg,I7292_14_sum,I7292_14_avg
India,Jammu And Kashmir,1,"Agriculture Year (Jul - Jun), 2017",Rural ,Female,0.1,0.1,26.6,26.6,20.1,20.1,0.0,0.0,25.1,25.1,0.0,0.0,15.1,15.1,13.1,13.1,100.0,100.0,36.1375232657,36.1375232657,29.3006945398,29.3006945398
India,Jammu And Kashmir,1,"Agriculture Year (Jul - Jun), 2017",Rural ,Male,0.1,0.1,22.5,22.5,36.9,36.9,0.0,0.0,27.0,27.0,0.0,0.0,8.7,8.7,4.9,4.9,100.0,100.0,35.1608334477,35.1608334477,27.3473149038,27.3473149038
India,Jammu And Kashmir,1,"Agriculture Year (Jul - Jun), 2017",Rural ,Person,0.1,0.1,24.6,24.6,28.4,28.4,0.0,0.0,26.1,26.1,0.0,0.0,11.9,11.9,9.1,9.1,100.0,100.0,70.3216668954,70.3216668954,56.6480094435,56.6480094435
India,Jammu And Kashmir,1,"Agriculture Year (Jul - Jun), 2017",Total,Female,0.1,0.1,15.5,15.5,49.2,49.2,0.0,0.0,16.1,16.1,0.0,0.0,12.0,12.0,7.2,7.2,100.0,100.0,128.1346186664,128.1346186664,90.9657979846,90.9657979846
India,Jammu And Kashmir,1,"Agriculture Year (Jul - Jun), 2017",Total,Male,0.1,0.1,15.3,15.3,43.9,43.9,3.1,3.1,20.1,20.1,0.0,0.0,11.0,11.0,6.5,6.5,100.0,100.0,75.3157682238,75.3157682238,81.1845293841,81.1845293841
India,Jammu And Kashmir,1,"Agriculture Year (Jul - Jun), 2017",Total,Person,0.1,0.1,15.4,15.4,47.2,47.2,1.2,1.2,17.6,17.6,0.0,0.0,11.6,11.6,6.9,6.9,100.0,100.0,203.4503868902,203.4503868902,172.1503273686,172.1503273686
India,Jammu And Kashmir,1,"Agriculture Year (Jul - Jun), 2017",Urban ,Female,0.3,0.3,10.7,10.7,61.9,61.9,0.0,0.0,12.1,12.1,0.0,0.0,10.7,10.7,4.6,4.6,100.0,100.0,92.3022327002,92.3022327002,61.862134682,61.862134682
India,Jammu And Kashmir,1,"Agriculture Year (Jul - Jun), 2017",Urban ,Male,0.1,0.1,8.6,8.6,50.4,50.4,6.1,6.1,13.7,13.7,0.0,0.0,13.1,13.1,8.0,8.0,100.0,100.0,41.2414231214,41.2414231214,54.0066255161,54.0066255161
India,Jammu And Kashmir,1,"Agriculture Year (Jul - Jun), 2017",Urban ,Person,0.2,0.2,10.1,10.1,58.3,58.3,1.9,1.9,12.6,12.6,0.0,0.0,11.4,11.4,5.7,5.7,100.0,100.0,133.5436558215,133.5436558215,115.8687601981,115.8687601981
India,Himachal Pradesh,2,"Agriculture Year (Jul - Jun), 2017",Rural ,Female,0.5,0.5,6.8,6.8,24.4,24.4,11.6,11.6,36.7,36.7,0.0,0.0,19.5,19.5,1.0,1.0,100.0,100.0,261.0,261.0,125.0,125.0
India,Himachal Pradesh,2,"Agriculture Year (Jul - Jun), 2017",Rural ,Male,0.6,0.6,15.1,15.1,29.5,29.5,13.8,13.8,21.3,21.3,0.3,0.3,17.9,17.9,2.1,2.1,100.0,100.0,348.0,348.0,134.0,134.0
India,Himachal Pradesh,2,"Agriculture Year (Jul - Jun), 2017",Rural ,Person,0.5,0.5,11.5,11.5,27.3,27.3,12.8,12.8,28.0,28.0,0.2,0.2,18.6,18.6,1.6,1.6,100.0,100.0,609.0,609.0,259.0,259.0
India,Himachal Pradesh,2,"Agriculture Year (Jul - Jun), 2017",Total,Female,0.3,0.3,7.9,7.9,25.6,25.6,10.8,10.8,34.2,34.2,0.0,0.0,20.7,20.7,0.9,0.9,100.0,100.0,288.0,288.0,163.0,163.0
India,Himachal Pradesh,2,"Agriculture Year (Jul - Jun), 2017",Total,Male,0.4,0.4,15.8,15.8,28.1,28.1,12.8,12.8,22.3,22.3,0.2,0.2,17.7,17.7,3.1,3.1,100.0,100.0,387.0,387.0,182.0,182.0
India,Himachal Pradesh,2,"Agriculture Year (Jul - Jun), 2017",Total,Person,0.4,0.4,12.4,12.4,27.0,27.0,11.9,11.9,27.4,27.4,0.1,0.1,19.0,19.0,2.1,2.1,100.0,100.0,675.0,675.0,345.0,345.0
India,Himachal Pradesh,2,"Agriculture Year (Jul - Jun), 2017",Urban ,Female,0.1,0.1,18.6,18.6,36.6,36.6,2.6,2.6,9.2,9.2,0.0,0.0,32.9,32.9,0.0,0.0,100.0,100.0,27.0,27.0,38.0,38.0
India,Himachal Pradesh,2,"Agriculture Year (Jul - Jun), 2017",Urban ,Male,0.1,0.1,22.3,22.3,14.7,14.7,3.3,3.3,31.5,31.5,0.0,0.0,15.4,15.4,12.7,12.7,100.0,100.0,38.0,38.0,48.0,48.0
India,Himachal Pradesh,2,"Agriculture Year (Jul - Jun), 2017",Urban ,Person,0.1,0.1,20.7,20.7,23.9,23.9,3.0,3.0,22.1,22.1,0.0,0.0,22.8,22.8,7.4,7.4,100.0,100.0,65.0,65.0,86.0,86.0
India,Punjab,3,"Agriculture Year (Jul - Jun), 2017",Rural ,Female,3.3,3.3,17.3,17.3,39.4,39.4,3.9,3.9,10.0,10.0,0.0,0.0,19.7,19.7,9.8,9.8,100.0,100.0,2100.0,2100.0,380.0,380.0
India,Punjab,3,"Agriculture Year (Jul - Jun), 2017",Rural ,Male,2.2,2.2,18.8,18.8,30.9,30.9,8.5,8.5,10.8,10.8,1.0,1.0,26.5,26.5,3.5,3.5,100.0,100.0,1332.0,1332.0,321.0,321.0
India,Punjab,3,"Agriculture Year (Jul - Jun), 2017",Rural ,Person,2.7,2.7,17.9,17.9,35.7,35.7,5.9,5.9,10.3,10.3,0.4,0.4,22.6,22.6,7.1,7.1,100.0,100.0,3432.0,3432.0,701.0,701.0
India,Punjab,3,"Agriculture Year (Jul - Jun), 2017",Total,Female,3.2,3.2,14.9,14.9,34.0,34.0,4.1,4.1,13.0,13.0,0.0,0.0,23.4,23.4,10.7,10.7,100.0,100.0,3151.0,3151.0,740.0,740.0
India,Punjab,3,"Agriculture Year (Jul - Jun), 2017",Total,Male,2.5,2.5,15.5,15.5,28.8,28.8,7.2,7.2,16.1,16.1,0.6,0.6,25.4,25.4,6.5,6.5,100.0,100.0,2379.0,2379.0,716.0,716.0
India,Punjab,3,"Agriculture Year (Jul - Jun), 2017",Total,Person,2.8,2.8,15.2,15.2,31.6,31.6,5.5,5.5,14.4,14.4,0.3,0.3,24.3,24.3,8.8,8.8,100.0,100.0,5530.0,5530.0,1456.0,1456.0
India,Punjab,3,"Agriculture Year (Jul - Jun), 2017",Urban ,Female,3.1,3.1,11.1,11.1,25.4,25.4,4.3,4.3,17.8,17.8,0.0,0.0,29.3,29.3,12.2,12.2,100.0,100.0,1052.0,1052.0,360.0,360.0
India,Punjab,3,"Agriculture Year (Jul - Jun), 2017",Urban ,Male,2.8,2.8,11.4,11.4,26.3,26.3,5.7,5.7,22.5,22.5,0.0,0.0,24.0,24.0,10.0,10.0,100.0,100.0,1046.0,1046.0,395.0,395.0
India,Punjab,3,"Agriculture Year (Jul - Jun), 2017",Urban ,Person,3.0,3.0,11.2,11.2,25.9,25.9,5.0,5.0,20.2,20.2,0.0,0.0,26.7,26.7,11.1,11.1,100.0,100.0,2098.0,2098.0,755.0,755.0
India,Chandigarh,4,"Agriculture Year (Jul - Jun), 2017",Rural ,Female,0.0,0.0,0.0,0.0,0.0,0.0,0.0,0.0,18.4,18.4,0.0,0.0,0.0,0.0,81.6,81.6,100.0,100.0,0.0,0.0,3.0,3.0
India,Chandigarh,4,"Agriculture Year (Jul - Jun), 2017",Rural ,Male,0.0,0.0,100.0,100.0,0.0,0.0,0.0,0.0,0.0,0.0,0.0,0.0,0.0,0.0,0.0,0.0,100.0,100.0,0.0,0.0,1.0,1.0
India,Chandigarh,4,"Agriculture Year (Jul - Jun), 2017",Rural ,Person,0.0,0.0,53.7,53.7,0.0,0.0,0.0,0.0,8.5,8.5,0.0,0.0,0.0,0.0,37.8,37.8,100.0,100.0,0.0,0.0,4.0,4.0
India,Chandigarh,4,"Agriculture Year (Jul - Jun), 2017",Total,Female,0.0,0.0,25.4,25.4,22.6,22.6,0.0,0.0,34.5,34.5,0.0,0.0,3.0,3.0,14.5,14.5,100.0,100.0,30.0,30.0,32.0,32.0
India,Chandigarh,4,"Agriculture Year (Jul - Jun), 2017",Total,Male,0.0,0.0,13.0,13.0,32.4,32.4,3.9,3.9,17.0,17.0,0.0,0.0,9.2,9.2,24.4,24.4,100.0,100.0,31.0,31.0,30.0,30.0
India,Chandigarh,4,"Agriculture Year (Jul - Jun), 2017",Total,Person,0.0,0.0,19.4,19.4,27.3,27.3,1.9,1.9,26.1,26.1,0.0,0.0,6.0,6.0,19.3,19.3,100.0,100.0,61.0,61.0,62.0,62.0
India,Chandigarh,4,"Agriculture Year (Jul - Jun), 2017",Urban ,Female,0.1,0.1,25.5,25.5,22.6,22.6,0.0,0.0,34.5,34.5,0.0,0.0,3.0,3.0,14.3,14.3,100.0,100.0,30.0,30.0,29.0,29.0
India,Chandigarh,4,"Agriculture Year (Jul - Jun), 2017",Urban ,Male,0.1,0.1,12.6,12.6,32.6,32.6,4.0,4.0,17.1,17.1,0.0,0.0,9.3,9.3,24.5,24.5,100.0,100.0,31.0,31.0,29.0,29.0
India,Chandigarh,4,"Agriculture Year (Jul - Jun), 2017",Urban ,Person,0.1,0.1,19.3,19.3,27.4,27.4,1.9,1.9,26.2,26.2,0.0,0.0,6.0,6.0,19.2,19.2,100.0,100.0,61.0,61.0,58.0,58.0
India,Uttarakhand,5,"Agriculture Year (Jul - Jun), 2017",Rural ,Female,0.6,0.6,19.0,19.0,47.8,47.8,2.4,2.4,4.5,4.5,0.0,0.0,12.5,12.5,13.8,13.8,100.0,100.0,299.0,299.0,115.0,115.0
India,Uttarakhand,5,"Agriculture Year (Jul - Jun), 2017",Rural ,Male,0.4,0.4,28.8,28.8,29.0,29.0,3.9,3.9,16.1,16.1,0.0,0.0,19.0,19.0,3.2,3.2,100.0,100.0,218.0,218.0,122.0,122.0
India,Uttarakhand,5,"Agriculture Year (Jul - Jun), 2017",Rural ,Person,0.5,0.5,23.1,23.1,39.9,39.9,3.0,3.0,9.3,9.3,0.0,0.0,15.2,15.2,9.4,9.4,100.0,100.0,517.0,517.0,237.0,237.0
India,Uttarakhand,5,"Agriculture Year (Jul - Jun), 2017",Total,Female,0.5,0.5,15.7,15.7,52.4,52.4,4.4,4.4,6.0,6.0,0.0,0.0,11.8,11.8,9.8,9.8,100.0,100.0,454.0,454.0,225.0,225.0
India,Uttarakhand,5,"Agriculture Year (Jul - Jun), 2017",Total,Male,0.5,0.5,20.8,20.8,36.4,36.4,2.8,2.8,13.3,13.3,0.0,0.0,24.1,24.1,2.5,2.5,100.0,100.0,439.0,439.0,271.0,271.0
India,Uttarakhand,5,"Agriculture Year (Jul - Jun), 2017",Total,Person,0.5,0.5,18.2,18.2,44.6,44.6,3.6,3.6,9.6,9.6,0.0,0.0,17.8,17.8,6.2,6.2,100.0,100.0,892.0,892.0,496.0,496.0
India,Uttarakhand,5,"Agriculture Year (Jul - Jun), 2017",Urban ,Female,0.5,0.5,9.3,9.3,61.0,61.0,8.3,8.3,8.9,8.9,0.0,0.0,10.5,10.5,2.1,2.1,100.0,100.0,155.0,155.0,110.0,110.0
India,Uttarakhand,5,"Agriculture Year (Jul - Jun), 2017",Urban ,Male,0.6,0.6,12.9,12.9,43.7,43.7,1.7,1.7,10.7,10.7,0.0,0.0,29.1,29.1,1.9,1.9,100.0,100.0,221.0,221.0,149.0,149.0
India,Uttarakhand,5,"Agriculture Year (Jul - Jun), 2017",Urban ,Person,0.5,0.5,11.4,11.4,50.9,50.9,4.5,4.5,9.9,9.9,0.0,0.0,21.3,21.3,1.9,1.9,100.0,100.0,376.0,376.0,259.0,259.0
India,Haryana,6,"Agriculture Year (Jul - Jun), 2017",Rural ,Female,2.2,2.2,5.2,5.2,34.4,34.4,0.5,0.5,32.8,32.8,0.0,0.0,24.4,24.4,2.6,2.6,100.0,100.0,1120.0,1120.0,233.0,233.0
India,Haryana,6,"Agriculture Year (Jul - Jun), 2017",Rural ,Male,3.3,3.3,5.4,5.4,51.2,51.2,0.8,0.8,24.1,24.1,0.0,0.0,18.2,18.2,0.5,0.5,100.0,100.0,1940.0,1940.0,377.0,377.0
India,Haryana,6,"Agriculture Year (Jul - Jun), 2017",Rural ,Person,2.8,2.8,5.3,5.3,45.0,45.0,0.7,0.7,27.3,27.3,0.0,0.0,20.5,20.5,1.3,1.3,100.0,100.0,3060.0,3060.0,610.0,610.0
India,Haryana,6,"Agriculture Year (Jul - Jun), 2017",Total,Female,2.3,2.3,5.5,5.5,33.8,33.8,2.9,2.9,30.5,30.5,0.2,0.2,23.7,23.7,3.3,3.3,100.0,100.0,2092.0,2092.0,518.0,518.0
India,Haryana,6,"Agriculture Year (Jul - Jun), 2017",Total,Male,3.2,3.2,6.7,6.7,43.8,43.8,4.5,4.5,26.0,26.0,0.0,0.0,17.4,17.4,2.0,2.0,100.0,100.0,3075.0,3075.0,708.0,708.0
India,Haryana,6,"Agriculture Year (Jul - Jun), 2017",Total,Person,2.8,2.8,6.2,6.2,39.8,39.8,3.8,3.8,27.8,27.8,0.1,0.1,19.9,19.9,2.5,2.5,100.0,100.0,5167.0,5167.0,1226.0,1226.0
India,Haryana,6,"Agriculture Year (Jul - Jun), 2017",Urban ,Female,2.6,2.6,5.8,5.8,33.0,33.0,5.9,5.9,27.7,27.7,0.5,0.5,22.9,22.9,4.2,4.2,100.0,100.0,972.0,972.0,285.0,285.0
India,Haryana,6,"Agriculture Year (Jul - Jun), 2017",Urban ,Male,3.0,3.0,8.8,8.8,31.2,31.2,10.6,10.6,29.3,29.3,0.0,0.0,16.0,16.0,4.4,4.4,100.0,100.0,1135.0,1135.0,331.0,331.0
India,Haryana,6,"Agriculture Year (Jul - Jun), 2017",Urban ,Person,2.8,2.8,7.5,7.5,32.0,32.0,8.6,8.6,28.6,28.6,0.2,0.2,19.1,19.1,4.3,4.3,100.0,100.0,2108.0,2108.0,616.0,616.0
India,Delhi,7,"Agriculture Year (Jul - Jun), 2017",Rural ,Female,0.0,0.0,0.0,0.0,30.1,30.1,45.4,45.4,16.5,16.5,0.0,0.0,6.2,6.2,1.8,1.8,100.0,100.0,17.0,17.0,10.0,10.0
India,Delhi,7,"Agriculture Year (Jul - Jun), 2017",Rural ,Male,0.0,0.0,3.4,3.4,62.9,62.9,8.1,8.1,0.0,0.0,0.0,0.0,11.6,11.6,14.0,14.0,100.0,100.0,13.0,13.0,11.0,11.0
India,Delhi,7,"Agriculture Year (Jul - Jun), 2017",Rural ,Person,0.0,0.0,1.4,1.4,43.7,43.7,30.0,30.0,9.7,9.7,0.0,0.0,8.4,8.4,6.8,6.8,100.0,100.0,30.0,30.0,21.0,21.0
India,Delhi,7,"Agriculture Year (Jul - Jun), 2017",Total,Female,1.4,1.4,6.9,6.9,28.8,28.8,8.8,8.8,19.2,19.2,0.1,0.1,21.2,21.2,15.4,15.4,100.0,100.0,1128.0,1128.0,178.0,178.0
India,Delhi,7,"Agriculture Year (Jul - Jun), 2017",Total,Male,0.9,0.9,3.7,3.7,34.7,34.7,5.1,5.1,20.9,20.9,0.2,0.2,24.3,24.3,11.6,11.6,100.0,100.0,834.0,834.0,214.0,214.0
India,Delhi,7,"Agriculture Year (Jul - Jun), 2017",Total,Person,1.1,1.1,5.5,5.5,31.3,31.3,7.2,7.2,19.9,19.9,0.1,0.1,22.5,22.5,13.8,13.8,100.0,100.0,1963.0,1963.0,392.0,392.0
India,Delhi,7,"Agriculture Year (Jul - Jun), 2017",Urban ,Female,3.4,3.4,7.0,7.0,28.8,28.8,8.2,8.2,19.3,19.3,0.1,0.1,21.4,21.4,15.6,15.6,100.0,100.0,1111.0,1111.0,168.0,168.0
India,Delhi,7,"Agriculture Year (Jul - Jun), 2017",Urban ,Male,2.3,2.3,3.7,3.7,34.3,34.3,5.0,5.0,21.2,21.2,0.2,0.2,24.5,24.5,11.6,11.6,100.0,100.0,821.0,821.0,203.0,203.0
India,Delhi,7,"Agriculture Year (Jul - Jun), 2017",Urban ,Person,2.8,2.8,5.6,5.6,31.1,31.1,6.9,6.9,20.1,20.1,0.1,0.1,22.7,22.7,14.0,14.0,100.0,100.0,1932.0,1932.0,371.0,371.0
India,Rajasthan,8,"Agriculture Year (Jul - Jun), 2017",Rural ,Female,5.3,5.3,17.2,17.2,45.0,45.0,4.0,4.0,17.2,17.2,0.5,0.5,12.6,12.6,3.7,3.7,100.0,100.0,2836.0,2836.0,389.0,389.0
India,Rajasthan,8,"Agriculture Year (Jul - Jun), 2017",Rural ,Male,5.4,5.4,13.2,13.2,38.7,38.7,3.6,3.6,28.5,28.5,0.0,0.0,13.8,13.8,2.3,2.3,100.0,100.0,3240.0,3240.0,522.0,522.0
India,Rajasthan,8,"Agriculture Year (Jul - Jun), 2017",Rural ,Person,5.3,5.3,15.0,15.0,41.7,41.7,3.8,3.8,23.2,23.2,0.2,0.2,13.2,13.2,3.0,3.0,100.0,100.0,6077.0,6077.0,911.0,911.0
India,Rajasthan,8,"Agriculture Year (Jul - Jun), 2017",Total,Female,4.3,4.3,16.7,16.7,40.3,40.3,3.8,3.8,21.6,21.6,0.4,0.4,13.7,13.7,3.7,3.7,100.0,100.0,3811.0,3811.0,672.0,672.0
India,Rajasthan,8,"Agriculture Year (Jul - Jun), 2017",Total,Male,4.4,4.4,13.1,13.1,36.7,36.7,3.5,3.5,28.8,28.8,0.0,0.0,15.0,15.0,2.9,2.9,100.0,100.0,4404.0,4404.0,874.0,874.0
India,Rajasthan,8,"Agriculture Year (Jul - Jun), 2017",Total,Person,4.4,4.4,14.8,14.8,38.4,38.4,3.6,3.6,25.4,25.4,0.2,0.2,14.4,14.4,3.3,3.3,100.0,100.0,8215.0,8215.0,1546.0,1546.0
India,Rajasthan,8,"Agriculture Year (Jul - Jun), 2017",Urban ,Female,2.8,2.8,15.3,15.3,26.6,26.6,3.3,3.3,34.2,34.2,0.0,0.0,16.8,16.8,3.8,3.8,100.0,100.0,975.0,975.0,283.0,283.0
India,Rajasthan,8,"Agriculture Year (Jul - Jun), 2017",Urban ,Male,3.0,3.0,12.9,12.9,31.3,31.3,3.4,3.4,29.4,29.4,0.0,0.0,18.3,18.3,4.7,4.7,100.0,100.0,1164.0,1164.0,352.0,352.0
India,Rajasthan,8,"Agriculture Year (Jul - Jun), 2017",Urban ,Person,2.9,2.9,14.0,14.0,29.1,29.1,3.3,3.3,31.6,31.6,0.0,0.0,17.6,17.6,4.3,4.3,100.0,100.0,2139.0,2139.0,635.0,635.0
India,Uttar Pradesh,9,"Agriculture Year (Jul - Jun), 2017",Rural ,Female,19.9,19.9,14.0,14.0,51.8,51.8,3.3,3.3,7.1,7.1,0.0,0.0,21.6,21.6,2.5,2.5,100.0,100.0,10561.0,10561.0,1248.0,1248.0
India,Uttar Pradesh,9,"Agriculture Year (Jul - Jun), 2017",Rural ,Male,19.2,19.2,12.9,12.9,46.0,46.0,4.4,4.4,9.5,9.5,0.0,0.0,24.1,24.1,3.6,3.6,100.0,100.0,11326.0,11326.0,1350.0,1350.0
India,Uttar Pradesh,9,"Agriculture Year (Jul - Jun), 2017",Rural ,Person,19.5,19.5,13.4,13.4,48.8,48.8,3.8,3.8,8.3,8.3,0.0,0.0,22.9,22.9,3.0,3.0,100.0,100.0,21898.0,21898.0,2599.0,2599.0
India,Uttar Pradesh,9,"Agriculture Year (Jul - Jun), 2017",Total,Female,17.0,17.0,12.0,12.0,52.7,52.7,3.3,3.3,8.4,8.4,0.0,0.0,21.5,21.5,2.3,2.3,100.0,100.0,15215.0,15215.0,2183.0,2183.0
India,Uttar Pradesh,9,"Agriculture Year (Jul - Jun), 2017",Total,Male,16.6,16.6,12.3,12.3,47.3,47.3,4.0,4.0,9.5,9.5,0.0,0.0,24.0,24.0,3.4,3.4,100.0,100.0,16102.0,16102.0,2434.0,2434.0
India,Uttar Pradesh,9,"Agriculture Year (Jul - Jun), 2017",Total,Person,16.8,16.8,12.1,12.1,49.9,49.9,3.7,3.7,9.0,9.0,0.0,0.0,22.9,22.9,2.9,2.9,100.0,100.0,31329.0,31329.0,4618.0,4618.0
India,Uttar Pradesh,9,"Agriculture Year (Jul - Jun), 2017",Urban ,Female,12.7,12.7,7.1,7.1,55.0,55.0,3.4,3.4,11.5,11.5,0.0,0.0,21.4,21.4,1.9,1.9,100.0,100.0,4654.0,4654.0,935.0,935.0
India,Uttar Pradesh,9,"Agriculture Year (Jul - Jun), 2017",Urban ,Male,12.6,12.6,10.9,10.9,50.3,50.3,3.0,3.0,9.4,9.4,0.0,0.0,24.0,24.0,2.9,2.9,100.0,100.0,4776.0,4776.0,1084.0,1084.0
India,Uttar Pradesh,9,"Agriculture Year (Jul - Jun), 2017",Urban ,Person,12.6,12.6,9.1,9.1,52.6,52.6,3.2,3.2,10.4,10.4,0.0,0.0,22.8,22.8,2.4,2.4,100.0,100.0,9431.0,9431.0,2019.0,2019.0
India,Bihar,10,"Agriculture Year (Jul - Jun), 2017",Rural ,Female,6.4,6.4,17.8,17.8,52.4,52.4,2.9,2.9,5.8,5.8,0.0,0.0,20.3,20.3,1.5,1.5,100.0,100.0,3183.0,3183.0,499.0,499.0
India,Bihar,10,"Agriculture Year (Jul - Jun), 2017",Rural ,Male,5.7,5.7,8.1,8.1,64.2,64.2,2.8,2.8,5.8,5.8,0.2,0.2,17.1,17.1,1.7,1.7,100.0,100.0,3117.0,3117.0,576.0,576.0
India,Bihar,10,"Agriculture Year (Jul - Jun), 2017",Rural ,Person,6.0,6.0,13.0,13.0,58.2,58.2,2.8,2.8,5.8,5.8,0.1,0.1,18.7,18.7,1.6,1.6,100.0,100.0,6299.0,6299.0,1075.0,1075.0
India,Bihar,10,"Agriculture Year (Jul - Jun), 2017",Total,Female,4.4,4.4,17.3,17.3,53.3,53.3,2.8,2.8,5.7,5.7,0.0,0.0,20.0,20.0,1.6,1.6,100.0,100.0,3608.0,3608.0,769.0,769.0
India,Bihar,10,"Agriculture Year (Jul - Jun), 2017",Total,Male,4.0,4.0,8.3,8.3,61.7,61.7,2.9,2.9,6.3,6.3,0.2,0.2,18.6,18.6,1.9,1.9,100.0,100.0,3566.0,3566.0,890.0,890.0
India,Bihar,10,"Agriculture Year (Jul - Jun), 2017",Total,Person,4.2,4.2,12.9,12.9,57.5,57.5,2.8,2.8,6.0,6.0,0.1,0.1,19.3,19.3,1.7,1.7,100.0,100.0,7174.0,7174.0,1659.0,1659.0
India,Bihar,10,"Agriculture Year (Jul - Jun), 2017",Urban ,Female,1.3,1.3,13.6,13.6,60.2,60.2,2.0,2.0,4.9,4.9,0.0,0.0,17.6,17.6,2.0,2.0,100.0,100.0,425.0,425.0,270.0,270.0
India,Bihar,10,"Agriculture Year (Jul - Jun), 2017",Urban ,Male,1.3,1.3,9.8,9.8,44.5,44.5,3.7,3.7,9.5,9.5,0.0,0.0,29.0,29.0,3.4,3.4,100.0,100.0,450.0,450.0,314.0,314.0
India,Bihar,10,"Agriculture Year (Jul - Jun), 2017",Urban ,Person,1.3,1.3,11.6,11.6,52.0,52.0,2.9,2.9,7.3,7.3,0.0,0.0,23.5,23.5,2.7,2.7,100.0,100.0,875.0,875.0,584.0,584.0
India,Sikkim,11,"Agriculture Year (Jul - Jun), 2017",Rural ,Female,0.0,0.0,11.9,11.9,38.8,38.8,3.0,3.0,18.0,18.0,0.0,0.0,23.6,23.6,6.0,6.0,100.0,100.0,13.0,13.0,39.0,39.0
India,Sikkim,11,"Agriculture Year (Jul - Jun), 2017",Rural ,Male,0.0,0.0,14.3,14.3,38.2,38.2,3.9,3.9,0.0,0.0,0.0,0.0,43.7,43.7,0.0,0.0,100.0,100.0,8.0,8.0,26.0,26.0
India,Sikkim,11,"Agriculture Year (Jul - Jun), 2017",Rural ,Person,0.0,0.0,13.6,13.6,38.2,38.2,3.3,3.3,10.7,10.7,0.0,0.0,31.4,31.4,3.5,3.5,100.0,100.0,22.0,22.0,66.0,66.0
India,Sikkim,11,"Agriculture Year (Jul - Jun), 2017",Total,Female,0.0,0.0,13.5,13.5,39.2,39.2,2.0,2.0,14.7,14.7,0.0,0.0,27.4,27.4,4.0,4.0,100.0,100.0,19.0,19.0,55.0,55.0
India,Sikkim,11,"Agriculture Year (Jul - Jun), 2017",Total,Male,0.0,0.0,16.1,16.1,39.5,39.5,3.0,3.0,0.0,0.0,0.0,0.0,41.0,41.0,0.5,0.5,100.0,100.0,11.0,11.0,36.0,36.0
India,Sikkim,11,"Agriculture Year (Jul - Jun), 2017",Total,Person,0.0,0.0,15.0,15.0,39.1,39.1,2.3,2.3,9.2,9.2,0.0,0.0,32.3,32.3,2.7,2.7,100.0,100.0,31.0,31.0,92.0,92.0
India,Sikkim,11,"Agriculture Year (Jul - Jun), 2017",Urban ,Female,0.0,0.0,16.7,16.7,40.0,40.0,0.0,0.0,8.0,8.0,0.0,0.0,35.3,35.3,0.0,0.0,100.0,100.0,6.0,6.0,16.0,16.0
India,Sikkim,11,"Agriculture Year (Jul - Jun), 2017",Urban ,Male,0.0,0.0,22.0,22.0,43.7,43.7,0.0,0.0,0.0,0.0,0.0,0.0,32.3,32.3,2.0,2.0,100.0,100.0,3.0,3.0,10.0,10.0
India,Sikkim,11,"Agriculture Year (Jul - Jun), 2017",Urban ,Person,0.0,0.0,18.3,18.3,41.1,41.1,0.0,0.0,5.6,5.6,0.0,0.0,34.4,34.4,0.6,0.6,100.0,100.0,9.0,9.0,26.0,26.0
India,Arunachal Pradesh,12,"Agriculture Year (Jul - Jun), 2017",Rural ,Female,0.0,0.0,35.4,35.4,6.5,6.5,0.0,0.0,9.2,9.2,0.0,0.0,46.0,46.0,2.9,2.9,100.0,100.0,13.0,13.0,26.0,26.0
India,Arunachal Pradesh,12,"Agriculture Year (Jul - Jun), 2017",Rural ,Male,0.0,0.0,29.7,29.7,0.0,0.0,0.0,0.0,0.9,0.9,0.0,0.0,42.7,42.7,26.7,26.7,100.0,100.0,17.0,17.0,28.0,28.0
India,Arunachal Pradesh,12,"Agriculture Year (Jul - Jun), 2017",Rural ,Person,0.0,0.0,32.2,32.2,2.9,2.9,0.0,0.0,4.6,4.6,0.0,0.0,44.2,44.2,16.1,16.1,100.0,100.0,30.0,30.0,54.0,54.0
India,Arunachal Pradesh,12,"Agriculture Year (Jul - Jun), 2017",Total,Female,0.0,0.0,34.1,34.1,10.6,10.6,1.1,1.1,8.0,8.0,0.0,0.0,42.3,42.3,3.8,3.8,100.0,100.0,15.0,15.0,40.0,40.0
India,Arunachal Pradesh,12,"Agriculture Year (Jul - Jun), 2017",Total,Male,0.0,0.0,25.1,25.1,5.0,5.0,0.0,0.0,0.8,0.8,0.0,0.0,41.5,41.5,27.6,27.6,100.0,100.0,21.0,21.0,50.0,50.0
India,Arunachal Pradesh,12,"Agriculture Year (Jul - Jun), 2017",Total,Person,0.0,0.0,29.0,29.0,7.4,7.4,0.5,0.5,3.9,3.9,0.0,0.0,41.9,41.9,17.4,17.4,100.0,100.0,36.0,36.0,90.0,90.0
India,Arunachal Pradesh,12,"Agriculture Year (Jul - Jun), 2017",Urban ,Female,0.0,0.0,26.1,26.1,37.1,37.1,8.4,8.4,0.0,0.0,0.0,0.0,18.7,18.7,9.7,9.7,100.0,100.0,2.0,2.0,14.0,14.0
India,Arunachal Pradesh,12,"Agriculture Year (Jul - Jun), 2017",Urban ,Male,0.0,0.0,4.9,4.9,27.1,27.1,0.0,0.0,0.0,0.0,0.0,0.0,36.3,36.3,31.7,31.7,100.0,100.0,4.0,4.0,22.0,22.0
India,Arunachal Pradesh,12,"Agriculture Year (Jul - Jun), 2017",Urban ,Person,0.0,0.0,12.4,12.4,30.7,30.7,3.0,3.0,0.0,0.0,0.0,0.0,30.0,30.0,23.9,23.9,100.0,100.0,6.0,6.0,36.0,36.0
India,Nagaland,13,"Agriculture Year (Jul - Jun), 2017",Rural ,Female,0.0,0.0,18.7,18.7,7.6,7.6,0.6,0.6,8.2,8.2,0.0,0.0,30.4,30.4,34.5,34.5,100.0,100.0,12.0,12.0,50.0,50.0
India,Nagaland,13,"Agriculture Year (Jul - Jun), 2017",Rural ,Male,0.0,0.0,6.7,6.7,8.5,8.5,0.3,0.3,26.6,26.6,0.0,0.0,31.4,31.4,26.5,26.5,100.0,100.0,12.0,12.0,53.0,53.0
India,Nagaland,13,"Agriculture Year (Jul - Jun), 2017",Rural ,Person,0.0,0.0,12.7,12.7,8.1,8.1,0.4,0.4,17.5,17.5,0.0,0.0,30.9,30.9,30.5,30.5,100.0,100.0,23.0,23.0,103.0,103.0
India,Nagaland,13,"Agriculture Year (Jul - Jun), 2017",Total,Female,0.0,0.0,9.2,9.2,18.0,18.0,1.4,1.4,6.7,6.7,0.0,0.0,37.3,37.3,27.5,27.5,100.0,100.0,25.0,25.0,91.0,91.0
India,Nagaland,13,"Agriculture Year (Jul - Jun), 2017",Total,Male,0.0,0.0,6.5,6.5,28.3,28.3,2.0,2.0,16.2,16.2,0.0,0.0,22.4,22.4,24.6,24.6,100.0,100.0,30.0,30.0,101.0,101.0
India,Nagaland,13,"Agriculture Year (Jul - Jun), 2017",Total,Person,0.0,0.0,7.7,7.7,23.6,23.6,1.7,1.7,11.9,11.9,0.0,0.0,29.2,29.2,25.9,25.9,100.0,100.0,55.0,55.0,192.0,192.0
India,Nagaland,13,"Agriculture Year (Jul - Jun), 2017",Urban ,Female,0.0,0.0,0.9,0.9,27.1,27.1,2.1,2.1,5.3,5.3,0.0,0.0,43.3,43.3,21.3,21.3,100.0,100.0,13.0,13.0,41.0,41.0
India,Nagaland,13,"Agriculture Year (Jul - Jun), 2017",Urban ,Male,0.1,0.1,6.4,6.4,40.9,40.9,3.1,3.1,9.6,9.6,0.0,0.0,16.7,16.7,23.4,23.4,100.0,100.0,19.0,19.0,48.0,48.0
India,Nagaland,13,"Agriculture Year (Jul - Jun), 2017",Urban ,Person,0.0,0.0,4.1,4.1,35.0,35.0,2.6,2.6,7.8,7.8,0.0,0.0,27.9,27.9,22.5,22.5,100.0,100.0,32.0,32.0,89.0,89.0
India,Manipur,14,"Agriculture Year (Jul - Jun), 2017",Rural ,Female,0.1,0.1,3.7,3.7,17.8,17.8,0.0,0.0,2.6,2.6,0.0,0.0,38.6,38.6,37.3,37.3,100.0,100.0,28.0,28.0,42.0,42.0
India,Manipur,14,"Agriculture Year (Jul - Jun), 2017",Rural ,Male,0.1,0.1,18.1,18.1,13.9,13.9,0.8,0.8,9.9,9.9,0.0,0.0,49.5,49.5,7.7,7.7,100.0,100.0,31.0,31.0,52.0,52.0
India,Manipur,14,"Agriculture Year (Jul - Jun), 2017",Rural ,Person,0.1,0.1,11.3,11.3,15.8,15.8,0.4,0.4,6.4,6.4,0.0,0.0,44.4,44.4,21.7,21.7,100.0,100.0,59.0,59.0,94.0,94.0
India,Manipur,14,"Agriculture Year (Jul - Jun), 2017",Total,Female,0.1,0.1,4.6,4.6,16.0,16.0,0.9,0.9,11.5,11.5,0.0,0.0,45.8,45.8,21.3,21.3,100.0,100.0,55.0,55.0,115.0,115.0
India,Manipur,14,"Agriculture Year (Jul - Jun), 2017",Total,Male,0.1,0.1,12.3,12.3,10.0,10.0,3.4,3.4,19.4,19.4,0.0,0.0,44.4,44.4,10.5,10.5,100.0,100.0,61.0,61.0,141.0,141.0
India,Manipur,14,"Agriculture Year (Jul - Jun), 2017",Total,Person,0.1,0.1,8.7,8.7,12.8,12.8,2.2,2.2,15.6,15.6,0.0,0.0,45.1,45.1,15.6,15.6,100.0,100.0,116.0,116.0,256.0,256.0
India,Manipur,14,"Agriculture Year (Jul - Jun), 2017",Urban ,Female,0.1,0.1,5.5,5.5,14.1,14.1,1.8,1.8,20.5,20.5,0.0,0.0,53.0,53.0,5.1,5.1,100.0,100.0,27.0,27.0,73.0,73.0
India,Manipur,14,"Agriculture Year (Jul - Jun), 2017",Urban ,Male,0.1,0.1,6.3,6.3,5.9,5.9,6.0,6.0,29.3,29.3,0.0,0.0,39.1,39.1,13.4,13.4,100.0,100.0,30.0,30.0,89.0,89.0
India,Manipur,14,"Agriculture Year (Jul - Jun), 2017",Urban ,Person,0.1,0.1,5.9,5.9,9.8,9.8,4.0,4.0,25.1,25.1,0.0,0.0,45.8,45.8,9.4,9.4,100.0,100.0,57.0,57.0,162.0,162.0
India,Mizoram,15,"Agriculture Year (Jul - Jun), 2017",Rural ,Female,0.0,0.0,0.0,0.0,0.0,0.0,15.4,15.4,15.9,15.9,0.0,0.0,46.2,46.2,22.5,22.5,100.0,100.0,8.0,8.0,18.0,18.0
India,Mizoram,15,"Agriculture Year (Jul - Jun), 2017",Rural ,Male,0.0,0.0,0.0,0.0,0.0,0.0,20.7,20.7,23.7,23.7,0.0,0.0,37.9,37.9,17.7,17.7,100.0,100.0,6.0,6.0,18.0,18.0
India,Mizoram,15,"Agriculture Year (Jul - Jun), 2017",Rural ,Person,0.0,0.0,0.0,0.0,0.0,0.0,17.7,17.7,19.3,19.3,0.0,0.0,42.6,42.6,20.4,20.4,100.0,100.0,13.0,13.0,36.0,36.0
India,Mizoram,15,"Agriculture Year (Jul - Jun), 2017",Total,Female,0.0,0.0,1.3,1.3,3.1,3.1,7.3,7.3,12.7,12.7,0.0,0.0,48.4,48.4,27.3,27.3,100.0,100.0,25.0,25.0,90.0,90.0
India,Mizoram,15,"Agriculture Year (Jul - Jun), 2017",Total,Male,0.0,0.0,6.9,6.9,6.0,6.0,5.5,5.5,23.1,23.1,0.0,0.0,39.1,39.1,19.4,19.4,100.0,100.0,25.0,25.0,96.0,96.0
India,Mizoram,15,"Agriculture Year (Jul - Jun), 2017",Total,Person,0.0,0.0,4.1,4.1,4.6,4.6,6.4,6.4,17.9,17.9,0.0,0.0,43.7,43.7,23.3,23.3,100.0,100.0,50.0,50.0,186.0,186.0
India,Mizoram,15,"Agriculture Year (Jul - Jun), 2017",Urban ,Female,0.1,0.1,1.9,1.9,4.6,4.6,3.6,3.6,11.1,11.1,0.0,0.0,49.4,49.4,29.5,29.5,100.0,100.0,17.0,17.0,72.0,72.0
India,Mizoram,15,"Agriculture Year (Jul - Jun), 2017",Urban ,Male,0.1,0.1,9.1,9.1,7.9,7.9,0.7,0.7,22.9,22.9,0.0,0.0,39.5,39.5,19.9,19.9,100.0,100.0,19.0,19.0,78.0,78.0
India,Mizoram,15,"Agriculture Year (Jul - Jun), 2017",Urban ,Person,0.1,0.1,5.7,5.7,6.4,6.4,2.0,2.0,17.4,17.4,0.0,0.0,44.1,44.1,24.4,24.4,100.0,100.0,37.0,37.0,150.0,150.0
India,Tripura,16,"Agriculture Year (Jul - Jun), 2017",Rural ,Female,0.1,0.1,55.5,55.5,2.9,2.9,2.4,2.4,5.5,5.5,0.0,0.0,33.6,33.6,0.0,0.0,100.0,100.0,34.0,34.0,24.0,24.0
India,Tripura,16,"Agriculture Year (Jul - Jun), 2017",Rural ,Male,0.0,0.0,24.4,24.4,16.2,16.2,19.7,19.7,9.3,9.3,0.0,0.0,17.3,17.3,13.0,13.0,100.0,100.0,24.0,24.0,17.0,17.0
India,Tripura,16,"Agriculture Year (Jul - Jun), 2017",Rural ,Person,0.1,0.1,42.4,42.4,8.6,8.6,9.7,9.7,7.1,7.1,0.0,0.0,26.8,26.8,5.5,5.5,100.0,100.0,57.0,57.0,41.0,41.0
India,Tripura,16,"Agriculture Year (Jul - Jun), 2017",Total,Female,0.1,0.1,48.5,48.5,14.9,14.9,2.7,2.7,5.2,5.2,0.0,0.0,28.7,28.7,0.0,0.0,100.0,100.0,56.0,56.0,53.0,53.0
India,Tripura,16,"Agriculture Year (Jul - Jun), 2017",Total,Male,0.0,0.0,18.7,18.7,34.8,34.8,14.8,14.8,9.4,9.4,0.0,0.0,14.9,14.9,7.5,7.5,100.0,100.0,41.0,41.0,39.0,39.0
India,Tripura,16,"Agriculture Year (Jul - Jun), 2017",Total,Person,0.1,0.1,35.5,35.5,23.6,23.6,8.0,8.0,7.0,7.0,0.0,0.0,22.7,22.7,3.3,3.3,100.0,100.0,97.0,97.0,92.0,92.0
India,Tripura,16,"Agriculture Year (Jul - Jun), 2017",Urban ,Female,0.1,0.1,37.6,37.6,33.4,33.4,3.1,3.1,4.8,4.8,0.0,0.0,21.1,21.1,0.0,0.0,100.0,100.0,23.0,23.0,29.0,29.0
India,Tripura,16,"Agriculture Year (Jul - Jun), 2017",Urban ,Male,0.1,0.1,11.0,11.0,59.7,59.7,8.1,8.1,9.5,9.5,0.0,0.0,11.7,11.7,0.0,0.0,100.0,100.0,18.0,18.0,22.0,22.0
India,Tripura,16,"Agriculture Year (Jul - Jun), 2017",Urban ,Person,0.1,0.1,25.5,25.5,45.4,45.4,5.4,5.4,7.0,7.0,0.0,0.0,16.8,16.8,0.0,0.0,100.0,100.0,40.0,40.0,51.0,51.0
India,Meghalaya,17,"Agriculture Year (Jul - Jun), 2017",Rural ,Female,0.0,0.0,4.7,4.7,1.7,1.7,3.0,3.0,0.0,0.0,0.0,0.0,86.9,86.9,3.7,3.7,100.0,100.0,19.0,19.0,24.0,24.0
India,Meghalaya,17,"Agriculture Year (Jul - Jun), 2017",Rural ,Male,0.0,0.0,0.0,0.0,12.3,12.3,0.0,0.0,0.0,0.0,0.0,0.0,62.5,62.5,25.2,25.2,100.0,100.0,9.0,9.0,15.0,15.0
India,Meghalaya,17,"Agriculture Year (Jul - Jun), 2017",Rural ,Person,0.0,0.0,3.2,3.2,5.1,5.1,2.1,2.1,0.0,0.0,0.0,0.0,79.0,79.0,10.6,10.6,100.0,100.0,29.0,29.0,39.0,39.0
India,Meghalaya,17,"Agriculture Year (Jul - Jun), 2017",Total,Female,0.1,0.1,8.3,8.3,6.8,6.8,3.0,3.0,2.3,2.3,0.0,0.0,60.9,60.9,18.7,18.7,100.0,100.0,45.0,45.0,85.0,85.0
India,Meghalaya,17,"Agriculture Year (Jul - Jun), 2017",Total,Male,0.0,0.0,2.0,2.0,11.8,11.8,0.0,0.0,3.5,3.5,0.3,0.3,52.4,52.4,30.0,30.0,100.0,100.0,28.0,28.0,60.0,60.0
India,Meghalaya,17,"Agriculture Year (Jul - Jun), 2017",Total,Person,0.0,0.0,5.9,5.9,8.7,8.7,1.9,1.9,2.8,2.8,0.1,0.1,57.6,57.6,23.0,23.0,100.0,100.0,73.0,73.0,145.0,145.0
India,Meghalaya,17,"Agriculture Year (Jul - Jun), 2017",Urban ,Female,0.1,0.1,11.0,11.0,10.7,10.7,3.0,3.0,4.1,4.1,0.0,0.0,40.8,40.8,30.3,30.3,100.0,100.0,25.0,25.0,61.0,61.0
India,Meghalaya,17,"Agriculture Year (Jul - Jun), 2017",Urban ,Male,0.1,0.1,3.0,3.0,11.5,11.5,0.0,0.0,5.3,5.3,0.4,0.4,47.4,47.4,32.3,32.3,100.0,100.0,19.0,19.0,45.0,45.0
India,Meghalaya,17,"Agriculture Year (Jul - Jun), 2017",Urban ,Person,0.1,0.1,7.6,7.6,11.1,11.1,1.8,1.8,4.6,4.6,0.2,0.2,43.6,43.6,31.2,31.2,100.0,100.0,44.0,44.0,106.0,106.0
India,Assam,18,"Agriculture Year (Jul - Jun), 2017",Rural ,Female,0.6,0.6,12.4,12.4,26.8,26.8,13.6,13.6,4.3,4.3,12.8,12.8,24.6,24.6,5.5,5.5,100.0,100.0,281.0,281.0,124.0,124.0
India,Assam,18,"Agriculture Year (Jul - Jun), 2017",Rural ,Male,0.5,0.5,27.0,27.0,23.7,23.7,6.6,6.6,7.2,7.2,7.5,7.5,22.8,22.8,5.0,5.0,100.0,100.0,273.0,273.0,115.0,115.0
India,Assam,18,"Agriculture Year (Jul - Jun), 2017",Rural ,Person,0.5,0.5,19.6,19.6,25.3,25.3,10.2,10.2,5.7,5.7,10.2,10.2,23.7,23.7,5.3,5.3,100.0,100.0,554.0,554.0,239.0,239.0
India,Assam,18,"Agriculture Year (Jul - Jun), 2017",Total,Female,0.5,0.5,12.5,12.5,24.2,24.2,13.8,13.8,4.4,4.4,8.2,8.2,28.0,28.0,8.9,8.9,100.0,100.0,432.0,432.0,231.0,231.0
India,Assam,18,"Agriculture Year (Jul - Jun), 2017",Total,Male,0.5,0.5,21.7,21.7,22.6,22.6,5.2,5.2,6.5,6.5,5.2,5.2,34.3,34.3,4.9,4.9,100.0,100.0,434.0,434.0,245.0,245.0
India,Assam,18,"Agriculture Year (Jul - Jun), 2017",Total,Person,0.5,0.5,17.1,17.1,23.4,23.4,9.5,9.5,5.5,5.5,6.7,6.7,31.1,31.1,6.9,6.9,100.0,100.0,865.0,865.0,476.0,476.0
India,Assam,18,"Agriculture Year (Jul - Jun), 2017",Urban ,Female,0.5,0.5,12.8,12.8,19.3,19.3,14.0,14.0,4.7,4.7,0.0,0.0,34.3,34.3,14.9,14.9,100.0,100.0,151.0,151.0,107.0,107.0
India,Assam,18,"Agriculture Year (Jul - Jun), 2017",Urban ,Male,0.4,0.4,12.6,12.6,20.6,20.6,2.7,2.7,5.3,5.3,1.2,1.2,53.7,53.7,4.7,4.7,100.0,100.0,160.0,160.0,130.0,130.0
India,Assam,18,"Agriculture Year (Jul - Jun), 2017",Urban ,Person,0.5,0.5,12.6,12.6,20.0,20.0,8.2,8.2,5.0,5.0,0.6,0.6,44.1,44.1,9.8,9.8,100.0,100.0,311.0,311.0,237.0,237.0
India,West Bengal,19,"Agriculture Year (Jul - Jun), 2017",Rural ,Female,4.8,4.8,10.0,10.0,31.0,31.0,3.8,3.8,19.7,19.7,0.0,0.0,29.1,29.1,6.5,6.5,100.0,100.0,2470.0,2470.0,297.0,297.0
India,West Bengal,19,"Agriculture Year (Jul - Jun), 2017",Rural ,Male,5.9,5.9,21.5,21.5,32.0,32.0,2.2,2.2,13.2,13.2,0.9,0.9,26.5,26.5,5.0,5.0,100.0,100.0,3877.0,3877.0,328.0,328.0
India,West Bengal,19,"Agriculture Year (Jul - Jun), 2017",Rural ,Person,5.4,5.4,16.6,16.6,31.6,31.6,2.9,2.9,15.9,15.9,0.5,0.5,27.6,27.6,5.7,5.7,100.0,100.0,6347.0,6347.0,625.0,625.0
India,West Bengal,19,"Agriculture Year (Jul - Jun), 2017",Total,Female,5.4,5.4,8.6,8.6,33.5,33.5,3.6,3.6,19.6,19.6,0.1,0.1,27.7,27.7,7.1,7.1,100.0,100.0,4808.0,4808.0,725.0,725.0
India,West Bengal,19,"Agriculture Year (Jul - Jun), 2017",Total,Male,6.0,6.0,17.6,17.6,32.9,32.9,1.9,1.9,14.3,14.3,0.6,0.6,25.1,25.1,8.5,8.5,100.0,100.0,6308.0,6308.0,797.0,797.0
India,West Bengal,19,"Agriculture Year (Jul - Jun), 2017",Total,Person,5.7,5.7,13.6,13.6,33.2,33.2,2.7,2.7,16.7,16.7,0.3,0.3,26.3,26.3,7.9,7.9,100.0,100.0,11116.0,11116.0,1522.0,1522.0
India,West Bengal,19,"Agriculture Year (Jul - Jun), 2017",Urban ,Female,6.3,6.3,7.1,7.1,36.4,36.4,3.3,3.3,19.5,19.5,0.2,0.2,26.1,26.1,7.9,7.9,100.0,100.0,2338.0,2338.0,428.0,428.0
India,West Bengal,19,"Agriculture Year (Jul - Jun), 2017",Urban ,Male,6.2,6.2,11.8,11.8,34.3,34.3,1.4,1.4,15.9,15.9,0.0,0.0,23.1,23.1,13.7,13.7,100.0,100.0,2431.0,2431.0,469.0,469.0
India,West Bengal,19,"Agriculture Year (Jul - Jun), 2017",Urban ,Person,6.2,6.2,9.5,9.5,35.3,35.3,2.3,2.3,17.6,17.6,0.1,0.1,24.5,24.5,10.9,10.9,100.0,100.0,4769.0,4769.0,897.0,897.0
India,Jharkhand,20,"Agriculture Year (Jul - Jun), 2017",Rural ,Female,1.4,1.4,13.7,13.7,53.3,53.3,4.5,4.5,5.4,5.4,0.6,0.6,20.5,20.5,2.6,2.6,100.0,100.0,706.0,706.0,225.0,225.0
India,Jharkhand,20,"Agriculture Year (Jul - Jun), 2017",Rural ,Male,1.2,1.2,18.2,18.2,41.7,41.7,5.0,5.0,2.0,2.0,0.6,0.6,32.6,32.6,2.1,2.1,100.0,100.0,758.0,758.0,226.0,226.0
India,Jharkhand,20,"Agriculture Year (Jul - Jun), 2017",Rural ,Person,1.3,1.3,15.9,15.9,47.6,47.6,4.7,4.7,3.8,3.8,0.6,0.6,26.4,26.4,2.4,2.4,100.0,100.0,1464.0,1464.0,451.0,451.0
India,Jharkhand,20,"Agriculture Year (Jul - Jun), 2017",Total,Female,1.4,1.4,14.0,14.0,42.4,42.4,10.1,10.1,5.7,5.7,1.5,1.5,23.6,23.6,3.2,3.2,100.0,100.0,1267.0,1267.0,449.0,449.0
India,Jharkhand,20,"Agriculture Year (Jul - Jun), 2017",Total,Male,1.3,1.3,17.0,17.0,41.8,41.8,5.7,5.7,4.9,4.9,0.3,0.3,28.4,28.4,4.3,4.3,100.0,100.0,1257.0,1257.0,420.0,420.0
India,Jharkhand,20,"Agriculture Year (Jul - Jun), 2017",Total,Person,1.3,1.3,15.4,15.4,42.1,42.1,8.0,8.0,5.3,5.3,0.9,0.9,26.0,26.0,3.8,3.8,100.0,100.0,2523.0,2523.0,869.0,869.0
India,Jharkhand,20,"Agriculture Year (Jul - Jun), 2017",Urban ,Female,1.5,1.5,14.5,14.5,27.2,27.2,18.1,18.1,6.0,6.0,2.8,2.8,28.0,28.0,4.1,4.1,100.0,100.0,561.0,561.0,224.0,224.0
India,Jharkhand,20,"Agriculture Year (Jul - Jun), 2017",Urban ,Male,1.3,1.3,15.2,15.2,42.0,42.0,6.7,6.7,9.0,9.0,0.0,0.0,22.6,22.6,7.4,7.4,100.0,100.0,499.0,499.0,194.0,194.0
India,Jharkhand,20,"Agriculture Year (Jul - Jun), 2017",Urban ,Person,1.4,1.4,14.8,14.8,34.4,34.4,12.6,12.6,7.5,7.5,1.4,1.4,25.4,25.4,5.7,5.7,100.0,100.0,1059.0,1059.0,418.0,418.0
India,Odisha,21,"Agriculture Year (Jul - Jun), 2017",Rural ,Female,2.4,2.4,17.5,17.5,31.2,31.2,3.3,3.3,18.1,18.1,0.0,0.0,26.5,26.5,3.4,3.4,100.0,100.0,1342.0,1342.0,232.0,232.0
India,Odisha,21,"Agriculture Year (Jul - Jun), 2017",Rural ,Male,2.1,2.1,26.1,26.1,20.7,20.7,2.6,2.6,20.5,20.5,0.9,0.9,21.4,21.4,10.2,10.2,100.0,100.0,1385.0,1385.0,257.0,257.0
India,Odisha,21,"Agriculture Year (Jul - Jun), 2017",Rural ,Person,2.2,2.2,21.8,21.8,26.0,26.0,2.9,2.9,19.3,19.3,0.4,0.4,23.9,23.9,6.8,6.8,100.0,100.0,2727.0,2727.0,489.0,489.0
India,Odisha,21,"Agriculture Year (Jul - Jun), 2017",Total,Female,1.9,1.9,17.6,17.6,31.8,31.8,2.4,2.4,17.7,17.7,0.0,0.0,25.7,25.7,4.9,4.9,100.0,100.0,1772.0,1772.0,365.0,365.0
India,Odisha,21,"Agriculture Year (Jul - Jun), 2017",Total,Male,1.7,1.7,23.2,23.2,24.6,24.6,3.8,3.8,19.4,19.4,0.6,0.6,21.4,21.4,8.9,8.9,100.0,100.0,1812.0,1812.0,421.0,421.0
India,Odisha,21,"Agriculture Year (Jul - Jun), 2017",Total,Person,1.8,1.8,20.4,20.4,28.2,28.2,3.1,3.1,18.5,18.5,0.3,0.3,23.5,23.5,6.9,6.9,100.0,100.0,3584.0,3584.0,786.0,786.0
India,Odisha,21,"Agriculture Year (Jul - Jun), 2017",Urban ,Female,1.2,1.2,17.8,17.8,33.5,33.5,0.0,0.0,16.4,16.4,0.0,0.0,23.5,23.5,9.0,9.0,100.0,100.0,430.0,430.0,133.0,133.0
India,Odisha,21,"Agriculture Year (Jul - Jun), 2017",Urban ,Male,1.1,1.1,14.7,14.7,35.9,35.9,7.1,7.1,16.1,16.1,0.0,0.0,21.3,21.3,5.0,5.0,100.0,100.0,427.0,427.0,164.0,164.0
India,Odisha,21,"Agriculture Year (Jul - Jun), 2017",Urban ,Person,1.2,1.2,16.3,16.3,34.7,34.7,3.5,3.5,16.3,16.3,0.0,0.0,22.4,22.4,7.0,7.0,100.0,100.0,857.0,857.0,297.0,297.0
India,Chhattisgarh,22,"Agriculture Year (Jul - Jun), 2017",Rural ,Female,1.1,1.1,28.1,28.1,24.1,24.1,6.9,6.9,4.9,4.9,0.2,0.2,30.6,30.6,5.2,5.2,100.0,100.0,573.0,573.0,147.0,147.0
India,Chhattisgarh,22,"Agriculture Year (Jul - Jun), 2017",Rural ,Male,1.5,1.5,33.4,33.4,23.0,23.0,4.1,4.1,7.1,7.1,2.3,2.3,18.5,18.5,12.3,12.3,100.0,100.0,905.0,905.0,250.0,250.0
India,Chhattisgarh,22,"Agriculture Year (Jul - Jun), 2017",Rural ,Person,1.3,1.3,31.3,31.3,23.5,23.5,5.2,5.2,6.2,6.2,1.5,1.5,23.3,23.3,9.5,9.5,100.0,100.0,1478.0,1478.0,397.0,397.0
India,Chhattisgarh,22,"Agriculture Year (Jul - Jun), 2017",Total,Female,1.2,1.2,19.3,19.3,23.4,23.4,10.2,10.2,12.6,12.6,4.6,4.6,25.8,25.8,4.1,4.1,100.0,100.0,1042.0,1042.0,302.0,302.0
India,Chhattisgarh,22,"Agriculture Year (Jul - Jun), 2017",Total,Male,1.3,1.3,28.0,28.0,24.1,24.1,3.7,3.7,9.4,9.4,1.7,1.7,22.6,22.6,11.0,11.0,100.0,100.0,1225.0,1225.0,438.0,438.0
India,Chhattisgarh,22,"Agriculture Year (Jul - Jun), 2017",Total,Person,1.2,1.2,23.9,23.9,23.8,23.8,6.7,6.7,10.9,10.9,3.1,3.1,24.1,24.1,7.8,7.8,100.0,100.0,2267.0,2267.0,740.0,740.0
India,Chhattisgarh,22,"Agriculture Year (Jul - Jun), 2017",Urban ,Female,1.4,1.4,8.9,8.9,22.5,22.5,14.1,14.1,21.7,21.7,9.9,9.9,20.2,20.2,2.8,2.8,100.0,100.0,469.0,469.0,155.0,155.0
India,Chhattisgarh,22,"Agriculture Year (Jul - Jun), 2017",Urban ,Male,0.9,0.9,13.2,13.2,27.0,27.0,2.5,2.5,15.8,15.8,0.0,0.0,33.9,33.9,7.5,7.5,100.0,100.0,319.0,319.0,188.0,188.0
India,Chhattisgarh,22,"Agriculture Year (Jul - Jun), 2017",Urban ,Person,1.1,1.1,10.6,10.6,24.3,24.3,9.5,9.5,19.3,19.3,6.0,6.0,25.6,25.6,4.6,4.6,100.0,100.0,789.0,789.0,343.0,343.0
India,Madhya Pradesh,23,"Agriculture Year (Jul - Jun), 2017",Rural ,Female,4.5,4.5,13.5,13.5,44.8,44.8,3.5,3.5,17.6,17.6,0.0,0.0,6.2,6.2,14.5,14.5,100.0,100.0,2425.0,2425.0,286.0,286.0
India,Madhya Pradesh,23,"Agriculture Year (Jul - Jun), 2017",Rural ,Male,5.0,5.0,29.0,29.0,36.9,36.9,5.6,5.6,14.3,14.3,0.1,0.1,10.5,10.5,3.8,3.8,100.0,100.0,2855.0,2855.0,419.0,419.0
India,Madhya Pradesh,23,"Agriculture Year (Jul - Jun), 2017",Rural ,Person,4.7,4.7,22.1,22.1,40.4,40.4,4.6,4.6,15.8,15.8,0.1,0.1,8.6,8.6,8.6,8.6,100.0,100.0,5280.0,5280.0,705.0,705.0
India,Madhya Pradesh,23,"Agriculture Year (Jul - Jun), 2017",Total,Female,4.0,4.0,13.0,13.0,44.2,44.2,3.5,3.5,17.9,17.9,0.0,0.0,10.5,10.5,11.0,11.0,100.0,100.0,3568.0,3568.0,689.0,689.0
India,Madhya Pradesh,23,"Agriculture Year (Jul - Jun), 2017",Total,Male,4.4,4.4,23.2,23.2,37.1,37.1,4.7,4.7,15.7,15.7,0.1,0.1,13.6,13.6,5.9,5.9,100.0,100.0,4195.0,4195.0,857.0,857.0
India,Madhya Pradesh,23,"Agriculture Year (Jul - Jun), 2017",Total,Person,4.2,4.2,18.5,18.5,40.3,40.3,4.2,4.2,16.7,16.7,0.0,0.0,12.2,12.2,8.2,8.2,100.0,100.0,7763.0,7763.0,1546.0,1546.0
India,Madhya Pradesh,23,"Agriculture Year (Jul - Jun), 2017",Urban ,Female,3.3,3.3,11.9,11.9,43.1,43.1,3.5,3.5,18.6,18.6,0.0,0.0,19.3,19.3,3.9,3.9,100.0,100.0,1143.0,1143.0,403.0,403.0
India,Madhya Pradesh,23,"Agriculture Year (Jul - Jun), 2017",Urban ,Male,3.5,3.5,10.3,10.3,37.5,37.5,2.8,2.8,18.6,18.6,0.1,0.1,20.4,20.4,10.6,10.6,100.0,100.0,1340.0,1340.0,438.0,438.0
India,Madhya Pradesh,23,"Agriculture Year (Jul - Jun), 2017",Urban ,Person,3.4,3.4,11.0,11.0,40.1,40.1,3.1,3.1,18.6,18.6,0.0,0.0,19.9,19.9,7.5,7.5,100.0,100.0,2483.0,2483.0,841.0,841.0
India,Gujarat,24,"Agriculture Year (Jul - Jun), 2017",Rural ,Female,3.4,3.4,16.5,16.5,25.5,25.5,4.7,4.7,19.1,19.1,0.3,0.3,31.0,31.0,3.0,3.0,100.0,100.0,1680.0,1680.0,284.0,284.0
India,Gujarat,24,"Agriculture Year (Jul - Jun), 2017",Rural ,Male,3.8,3.8,11.5,11.5,35.0,35.0,5.4,5.4,12.8,12.8,0.2,0.2,28.5,28.5,6.7,6.7,100.0,100.0,2318.0,2318.0,385.0,385.0
India,Gujarat,24,"Agriculture Year (Jul - Jun), 2017",Rural ,Person,3.6,3.6,13.7,13.7,30.7,30.7,5.1,5.1,15.6,15.6,0.2,0.2,29.6,29.6,5.1,5.1,100.0,100.0,3998.0,3998.0,669.0,669.0
India,Gujarat,24,"Agriculture Year (Jul - Jun), 2017",Total,Female,5.0,5.0,13.0,13.0,27.2,27.2,7.1,7.1,13.9,13.9,0.1,0.1,35.5,35.5,3.6,3.6,100.0,100.0,4225.0,4225.0,792.0,792.0
India,Gujarat,24,"Agriculture Year (Jul - Jun), 2017",Total,Male,4.7,4.7,10.4,10.4,33.1,33.1,6.5,6.5,11.8,11.8,0.7,0.7,32.0,32.0,5.5,5.5,100.0,100.0,4640.0,4640.0,936.0,936.0
India,Gujarat,24,"Agriculture Year (Jul - Jun), 2017",Total,Person,4.9,4.9,11.7,11.7,30.2,30.2,6.8,6.8,12.8,12.8,0.4,0.4,33.7,33.7,4.6,4.6,100.0,100.0,8865.0,8865.0,1728.0,1728.0
India,Gujarat,24,"Agriculture Year (Jul - Jun), 2017",Urban ,Female,7.5,7.5,10.6,10.6,28.4,28.4,8.7,8.7,10.3,10.3,0.0,0.0,38.6,38.6,3.9,3.9,100.0,100.0,2546.0,2546.0,508.0,508.0
India,Gujarat,24,"Agriculture Year (Jul - Jun), 2017",Urban ,Male,6.1,6.1,9.4,9.4,31.3,31.3,7.6,7.6,10.9,10.9,1.3,1.3,35.4,35.4,4.4,4.4,100.0,100.0,2322.0,2322.0,551.0,551.0
India,Gujarat,24,"Agriculture Year (Jul - Jun), 2017",Urban ,Person,6.8,6.8,10.0,10.0,29.8,29.8,8.2,8.2,10.6,10.6,0.6,0.6,37.1,37.1,4.1,4.1,100.0,100.0,4867.0,4867.0,1059.0,1059.0
India,Maharashtra,27,"Agriculture Year (Jul - Jun), 2017",Rural ,Female,12.3,12.3,22.0,22.0,41.5,41.5,4.2,4.2,7.3,7.3,0.8,0.8,20.4,20.4,4.9,4.9,100.0,100.0,6293.0,6293.0,815.0,815.0
India,Maharashtra,27,"Agriculture Year (Jul - Jun), 2017",Rural ,Male,12.1,12.1,24.6,24.6,42.2,42.2,4.0,4.0,9.7,9.7,0.4,0.4,15.2,15.2,4.0,4.0,100.0,100.0,7061.0,7061.0,942.0,942.0
India,Maharashtra,27,"Agriculture Year (Jul - Jun), 2017",Rural ,Person,12.2,12.2,23.3,23.3,41.8,41.8,4.1,4.1,8.6,8.6,0.6,0.6,17.7,17.7,4.4,4.4,100.0,100.0,13354.0,13354.0,1757.0,1757.0
India,Maharashtra,27,"Agriculture Year (Jul - Jun), 2017",Total,Female,14.0,14.0,15.8,15.8,35.7,35.7,6.1,6.1,12.5,12.5,0.6,0.6,24.2,24.2,6.1,6.1,100.0,100.0,12196.0,12196.0,2038.0,2038.0
India,Maharashtra,27,"Agriculture Year (Jul - Jun), 2017",Total,Male,13.6,13.6,18.2,18.2,34.8,34.8,6.4,6.4,12.6,12.6,0.5,0.5,22.7,22.7,5.5,5.5,100.0,100.0,13114.0,13114.0,2204.0,2204.0
India,Maharashtra,27,"Agriculture Year (Jul - Jun), 2017",Total,Person,13.8,13.8,17.0,17.0,35.2,35.2,6.3,6.3,12.5,12.5,0.5,0.5,23.4,23.4,5.8,5.8,100.0,100.0,25309.0,25309.0,4242.0,4242.0
India,Maharashtra,27,"Agriculture Year (Jul - Jun), 2017",Urban ,Female,16.5,16.5,8.9,8.9,29.2,29.2,8.3,8.3,18.3,18.3,0.4,0.4,28.5,28.5,7.4,7.4,100.0,100.0,5902.0,5902.0,1223.0,1223.0
India,Maharashtra,27,"Agriculture Year (Jul - Jun), 2017",Urban ,Male,16.0,16.0,10.7,10.7,26.1,26.1,9.2,9.2,16.0,16.0,0.6,0.6,31.4,31.4,7.2,7.2,100.0,100.0,6053.0,6053.0,1262.0,1262.0
India,Maharashtra,27,"Agriculture Year (Jul - Jun), 2017",Urban ,Person,16.3,16.3,9.8,9.8,27.6,27.6,8.8,8.8,17.1,17.1,0.5,0.5,30.0,30.0,7.3,7.3,100.0,100.0,11955.0,11955.0,2485.0,2485.0
India,Andhra Pradesh,28,"Agriculture Year (Jul - Jun), 2017",Rural ,Female,8.3,8.3,11.1,11.1,43.7,43.7,6.1,6.1,17.3,17.3,0.1,0.1,19.5,19.5,2.6,2.6,100.0,100.0,4364.0,4364.0,564.0,564.0
India,Andhra Pradesh,28,"Agriculture Year (Jul - Jun), 2017",Rural ,Male,7.9,7.9,16.3,16.3,37.7,37.7,3.9,3.9,13.8,13.8,0.0,0.0,24.6,24.6,4.6,4.6,100.0,100.0,4826.0,4826.0,671.0,671.0
India,Andhra Pradesh,28,"Agriculture Year (Jul - Jun), 2017",Rural ,Person,8.1,8.1,13.7,13.7,40.6,40.6,5.0,5.0,15.5,15.5,0.0,0.0,22.1,22.1,3.6,3.6,100.0,100.0,9190.0,9190.0,1235.0,1235.0
India,Andhra Pradesh,28,"Agriculture Year (Jul - Jun), 2017",Total,Female,7.2,7.2,13.5,13.5,40.1,40.1,5.9,5.9,16.7,16.7,0.1,0.1,20.7,20.7,3.4,3.4,100.0,100.0,6349.0,6349.0,930.0,930.0
India,Andhra Pradesh,28,"Agriculture Year (Jul - Jun), 2017",Total,Male,7.2,7.2,13.8,13.8,38.8,38.8,3.6,3.6,16.1,16.1,0.0,0.0,23.2,23.2,5.3,5.3,100.0,100.0,7164.0,7164.0,1100.0,1100.0
India,Andhra Pradesh,28,"Agriculture Year (Jul - Jun), 2017",Total,Person,7.2,7.2,13.7,13.7,39.4,39.4,4.7,4.7,16.4,16.4,0.0,0.0,22.0,22.0,4.4,4.4,100.0,100.0,13513.0,13513.0,2030.0,2030.0
India,Andhra Pradesh,28,"Agriculture Year (Jul - Jun), 2017",Urban ,Female,5.7,5.7,18.9,18.9,32.1,32.1,5.5,5.5,15.5,15.5,0.2,0.2,23.2,23.2,5.1,5.1,100.0,100.0,1985.0,1985.0,366.0,366.0
India,Andhra Pradesh,28,"Agriculture Year (Jul - Jun), 2017",Urban ,Male,6.2,6.2,8.9,8.9,40.9,40.9,2.8,2.8,20.5,20.5,0.0,0.0,20.5,20.5,6.7,6.7,100.0,100.0,2338.0,2338.0,429.0,429.0
India,Andhra Pradesh,28,"Agriculture Year (Jul - Jun), 2017",Urban ,Person,6.0,6.0,13.5,13.5,36.8,36.8,4.1,4.1,18.2,18.2,0.1,0.1,21.8,21.8,5.9,5.9,100.0,100.0,4323.0,4323.0,795.0,795.0
India,Karnataka,29,"Agriculture Year (Jul - Jun), 2017",Rural ,Female,5.3,5.3,26.2,26.2,48.5,48.5,7.2,7.2,7.0,7.0,0.0,0.0,8.5,8.5,2.6,2.6,100.0,100.0,2763.0,2763.0,400.0,400.0
India,Karnataka,29,"Agriculture Year (Jul - Jun), 2017",Rural ,Male,6.9,6.9,30.8,30.8,37.4,37.4,5.8,5.8,7.1,7.1,0.5,0.5,11.0,11.0,7.4,7.4,100.0,100.0,3949.0,3949.0,565.0,565.0
India,Karnataka,29,"Agriculture Year (Jul - Jun), 2017",Rural ,Person,6.1,6.1,28.9,28.9,41.9,41.9,6.4,6.4,7.1,7.1,0.3,0.3,10.0,10.0,5.5,5.5,100.0,100.0,6712.0,6712.0,965.0,965.0
India,Karnataka,29,"Agriculture Year (Jul - Jun), 2017",Total,Female,5.8,5.8,24.4,24.4,47.3,47.3,6.1,6.1,8.9,8.9,0.0,0.0,10.7,10.7,2.7,2.7,100.0,100.0,4965.0,4965.0,885.0,885.0
India,Karnataka,29,"Agriculture Year (Jul - Jun), 2017",Total,Male,7.1,7.1,26.0,26.0,41.3,41.3,6.0,6.0,9.1,9.1,0.4,0.4,11.6,11.6,5.6,5.6,100.0,100.0,6611.0,6611.0,1137.0,1137.0
India,Karnataka,29,"Agriculture Year (Jul - Jun), 2017",Total,Person,6.5,6.5,25.3,25.3,43.9,43.9,6.1,6.1,9.0,9.0,0.3,0.3,11.2,11.2,4.4,4.4,100.0,100.0,11575.0,11575.0,2022.0,2022.0
India,Karnataka,29,"Agriculture Year (Jul - Jun), 2017",Urban ,Female,6.5,6.5,22.2,22.2,45.8,45.8,4.7,4.7,11.3,11.3,0.1,0.1,13.4,13.4,2.9,2.9,100.0,100.0,2202.0,2202.0,485.0,485.0
India,Karnataka,29,"Agriculture Year (Jul - Jun), 2017",Urban ,Male,7.4,7.4,19.0,19.0,47.0,47.0,6.3,6.3,12.0,12.0,0.4,0.4,12.4,12.4,2.9,2.9,100.0,100.0,2661.0,2661.0,572.0,572.0
India,Karnataka,29,"Agriculture Year (Jul - Jun), 2017",Urban ,Person,7.0,7.0,20.4,20.4,46.5,46.5,5.6,5.6,11.7,11.7,0.2,0.2,12.8,12.8,2.9,2.9,100.0,100.0,4863.0,4863.0,1057.0,1057.0
India,Goa,30,"Agriculture Year (Jul - Jun), 2017",Rural ,Female,0.0,0.0,14.9,14.9,37.2,37.2,0.0,0.0,46.9,46.9,0.0,0.0,0.0,0.0,1.0,1.0,100.0,100.0,14.0,14.0,11.0,11.0
India,Goa,30,"Agriculture Year (Jul - Jun), 2017",Rural ,Male,0.0,0.0,21.5,21.5,33.3,33.3,5.9,5.9,0.0,0.0,0.0,0.0,13.6,13.6,25.7,25.7,100.0,100.0,11.0,11.0,12.0,12.0
India,Goa,30,"Agriculture Year (Jul - Jun), 2017",Rural ,Person,0.0,0.0,18.0,18.0,35.4,35.4,2.8,2.8,24.7,24.7,0.0,0.0,6.5,6.5,12.7,12.7,100.0,100.0,25.0,25.0,23.0,23.0
India,Goa,30,"Agriculture Year (Jul - Jun), 2017",Total,Female,0.1,0.1,38.0,38.0,6.1,6.1,4.2,4.2,14.2,14.2,0.0,0.0,35.1,35.1,2.6,2.6,100.0,100.0,102.0,102.0,45.0,45.0
India,Goa,30,"Agriculture Year (Jul - Jun), 2017",Total,Male,0.1,0.1,2.1,2.1,34.6,34.6,3.4,3.4,6.8,6.8,0.0,0.0,43.8,43.8,9.1,9.1,100.0,100.0,109.0,109.0,36.0,36.0
India,Goa,30,"Agriculture Year (Jul - Jun), 2017",Total,Person,0.1,0.1,19.4,19.4,20.9,20.9,3.8,3.8,10.4,10.4,0.0,0.0,39.6,39.6,6.0,6.0,100.0,100.0,211.0,211.0,81.0,81.0
India,Goa,30,"Agriculture Year (Jul - Jun), 2017",Urban ,Female,0.3,0.3,41.1,41.1,1.9,1.9,4.7,4.7,9.7,9.7,0.0,0.0,39.8,39.8,2.8,2.8,100.0,100.0,88.0,88.0,34.0,34.0
India,Goa,30,"Agriculture Year (Jul - Jun), 2017",Urban ,Male,0.3,0.3,0.0,0.0,34.8,34.8,3.2,3.2,7.6,7.6,0.0,0.0,47.2,47.2,7.3,7.3,100.0,100.0,98.0,98.0,24.0,24.0
India,Goa,30,"Agriculture Year (Jul - Jun), 2017",Urban ,Person,0.3,0.3,19.5,19.5,19.1,19.1,3.9,3.9,8.6,8.6,0.0,0.0,43.7,43.7,5.1,5.1,100.0,100.0,187.0,187.0,58.0,58.0
India,Lakshadweep,31,"Agriculture Year (Jul - Jun), 2017",Rural ,Female,0.0,0.0,91.7,91.7,0.0,0.0,0.0,0.0,0.0,0.0,0.0,0.0,8.3,8.3,0.0,0.0,100.0,100.0,1.0,1.0,5.0,5.0
India,Lakshadweep,31,"Agriculture Year (Jul - Jun), 2017",Rural ,Male,0.0,0.0,88.6,88.6,0.0,0.0,0.0,0.0,0.0,0.0,0.0,0.0,6.2,6.2,5.2,5.2,100.0,100.0,2.0,2.0,7.0,7.0
India,Lakshadweep,31,"Agriculture Year (Jul - Jun), 2017",Rural ,Person,0.0,0.0,89.8,89.8,0.0,0.0,0.0,0.0,0.0,0.0,0.0,0.0,7.0,7.0,3.2,3.2,100.0,100.0,3.0,3.0,12.0,12.0
India,Lakshadweep,31,"Agriculture Year (Jul - Jun), 2017",Total,Female,0.0,0.0,34.5,34.5,8.3,8.3,6.2,6.2,0.0,0.0,0.0,0.0,48.9,48.9,2.1,2.1,100.0,100.0,5.0,5.0,22.0,22.0
India,Lakshadweep,31,"Agriculture Year (Jul - Jun), 2017",Total,Male,0.0,0.0,68.3,68.3,0.0,0.0,6.3,6.3,0.0,0.0,0.0,0.0,23.3,23.3,2.1,2.1,100.0,100.0,4.0,4.0,20.0,20.0
India,Lakshadweep,31,"Agriculture Year (Jul - Jun), 2017",Total,Person,0.0,0.0,50.3,50.3,4.4,4.4,6.3,6.3,0.0,0.0,0.0,0.0,36.9,36.9,2.1,2.1,100.0,100.0,9.0,9.0,42.0,42.0
India,Lakshadweep,31,"Agriculture Year (Jul - Jun), 2017",Urban ,Female,0.0,0.0,17.9,17.9,10.7,10.7,8.0,8.0,0.0,0.0,0.0,0.0,60.6,60.6,2.8,2.8,100.0,100.0,4.0,4.0,17.0,17.0
India,Lakshadweep,31,"Agriculture Year (Jul - Jun), 2017",Urban ,Male,0.0,0.0,54.1,54.1,0.0,0.0,10.7,10.7,0.0,0.0,0.0,0.0,35.2,35.2,0.0,0.0,100.0,100.0,3.0,3.0,13.0,13.0
India,Lakshadweep,31,"Agriculture Year (Jul - Jun), 2017",Urban ,Person,0.0,0.0,32.4,32.4,6.4,6.4,9.1,9.1,0.0,0.0,0.0,0.0,50.4,50.4,1.7,1.7,100.0,100.0,6.0,6.0,30.0,30.0
India,Kerala,32,"Agriculture Year (Jul - Jun), 2017",Rural ,Female,9.8,9.8,14.9,14.9,17.3,17.3,8.6,8.6,13.7,13.7,0.0,0.0,37.9,37.9,8.8,8.8,100.0,100.0,5817.0,5817.0,690.0,690.0
India,Kerala,32,"Agriculture Year (Jul - Jun), 2017",Rural ,Male,8.5,8.5,19.5,19.5,14.9,14.9,7.4,7.4,13.3,13.3,0.0,0.0,31.7,31.7,14.9,14.9,100.0,100.0,5448.0,5448.0,678.0,678.0
India,Kerala,32,"Agriculture Year (Jul - Jun), 2017",Rural ,Person,9.1,9.1,17.1,17.1,16.1,16.1,8.0,8.0,13.5,13.5,0.0,0.0,34.9,34.9,11.8,11.8,100.0,100.0,11265.0,11265.0,1368.0,1368.0
India,Kerala,32,"Agriculture Year (Jul - Jun), 2017",Total,Female,9.8,9.8,15.8,15.8,14.5,14.5,7.1,7.1,13.7,13.7,0.0,0.0,39.6,39.6,10.6,10.6,100.0,100.0,9662.0,9662.0,1287.0,1287.0
India,Kerala,32,"Agriculture Year (Jul - Jun), 2017",Total,Male,9.3,9.3,19.6,19.6,12.2,12.2,8.0,8.0,15.7,15.7,0.0,0.0,31.6,31.6,14.0,14.0,100.0,100.0,9823.0,9823.0,1265.0,1265.0
India,Kerala,32,"Agriculture Year (Jul - Jun), 2017",Total,Person,9.5,9.5,17.7,17.7,13.3,13.3,7.6,7.6,14.7,14.7,0.0,0.0,35.6,35.6,12.3,12.3,100.0,100.0,19485.0,19485.0,2552.0,2552.0
India,Kerala,32,"Agriculture Year (Jul - Jun), 2017",Urban ,Female,9.9,9.9,17.1,17.1,10.5,10.5,4.9,4.9,13.6,13.6,0.0,0.0,42.3,42.3,13.3,13.3,100.0,100.0,3845.0,3845.0,597.0,597.0
India,Kerala,32,"Agriculture Year (Jul - Jun), 2017",Urban ,Male,10.6,10.6,19.8,19.8,8.8,8.8,8.6,8.6,18.7,18.7,0.0,0.0,31.5,31.5,12.9,12.9,100.0,100.0,4376.0,4376.0,587.0,587.0
India,Kerala,32,"Agriculture Year (Jul - Jun), 2017",Urban ,Person,10.3,10.3,18.5,18.5,9.6,9.6,6.9,6.9,16.3,16.3,0.0,0.0,36.5,36.5,13.1,13.1,100.0,100.0,8220.0,8220.0,1184.0,1184.0
India,Tamil Nadu,33,"Agriculture Year (Jul - Jun), 2017",Rural ,Female,4.4,4.4,16.0,16.0,27.7,27.7,8.8,8.8,25.7,25.7,0.3,0.3,20.9,20.9,1.0,1.0,100.0,100.0,2492.0,2492.0,462.0,462.0
India,Tamil Nadu,33,"Agriculture Year (Jul - Jun), 2017",Rural ,Male,4.3,4.3,17.6,17.6,32.6,32.6,13.4,13.4,21.1,21.1,0.0,0.0,14.6,14.6,2.1,2.1,100.0,100.0,2570.0,2570.0,509.0,509.0
India,Tamil Nadu,33,"Agriculture Year (Jul - Jun), 2017",Rural ,Person,4.4,4.4,16.8,16.8,30.2,30.2,11.2,11.2,23.3,23.3,0.2,0.2,17.7,17.7,1.6,1.6,100.0,100.0,5062.0,5062.0,971.0,971.0
India,Tamil Nadu,33,"Agriculture Year (Jul - Jun), 2017",Total,Female,6.0,6.0,15.0,15.0,31.3,31.3,7.4,7.4,22.7,22.7,0.2,0.2,21.6,21.6,2.0,2.0,100.0,100.0,5325.0,5325.0,994.0,994.0
India,Tamil Nadu,33,"Agriculture Year (Jul - Jun), 2017",Total,Male,6.0,6.0,17.1,17.1,30.0,30.0,10.3,10.3,23.4,23.4,0.0,0.0,17.1,17.1,2.9,2.9,100.0,100.0,5943.0,5943.0,1170.0,1170.0
India,Tamil Nadu,33,"Agriculture Year (Jul - Jun), 2017",Total,Person,6.0,6.0,16.1,16.1,30.6,30.6,8.9,8.9,23.0,23.0,0.1,0.1,19.2,19.2,2.5,2.5,100.0,100.0,11268.0,11268.0,2164.0,2164.0
India,Tamil Nadu,33,"Agriculture Year (Jul - Jun), 2017",Urban ,Female,8.3,8.3,14.3,14.3,34.2,34.2,6.2,6.2,20.3,20.3,0.1,0.1,22.2,22.2,2.9,2.9,100.0,100.0,2833.0,2833.0,532.0,532.0
India,Tamil Nadu,33,"Agriculture Year (Jul - Jun), 2017",Urban ,Male,8.6,8.6,16.8,16.8,27.9,27.9,8.0,8.0,25.1,25.1,0.0,0.0,19.0,19.0,3.5,3.5,100.0,100.0,3373.0,3373.0,661.0,661.0
India,Tamil Nadu,33,"Agriculture Year (Jul - Jun), 2017",Urban ,Person,8.5,8.5,15.6,15.6,30.9,30.9,7.2,7.2,22.8,22.8,0.1,0.1,20.5,20.5,3.2,3.2,100.0,100.0,6206.0,6206.0,1193.0,1193.0
India,Puducherry,34,"Agriculture Year (Jul - Jun), 2017",Rural ,Female,0.0,0.0,5.8,5.8,28.7,28.7,28.7,28.7,36.9,36.9,0.0,0.0,0.0,0.0,0.0,0.0,100.0,100.0,14.0,14.0,6.0,6.0
India,Puducherry,34,"Agriculture Year (Jul - Jun), 2017",Rural ,Male,0.0,0.0,11.1,11.1,45.0,45.0,0.0,0.0,39.4,39.4,0.0,0.0,0.0,0.0,4.6,4.6,100.0,100.0,13.0,13.0,10.0,10.0
India,Puducherry,34,"Agriculture Year (Jul - Jun), 2017",Rural ,Person,0.0,0.0,8.4,8.4,36.6,36.6,14.8,14.8,38.1,38.1,0.0,0.0,0.0,0.0,2.2,2.2,100.0,100.0,26.0,26.0,16.0,16.0
India,Puducherry,34,"Agriculture Year (Jul - Jun), 2017",Total,Female,0.1,0.1,24.3,24.3,22.7,22.7,11.7,11.7,26.8,26.8,0.0,0.0,12.5,12.5,2.0,2.0,100.0,100.0,48.0,48.0,51.0,51.0
India,Puducherry,34,"Agriculture Year (Jul - Jun), 2017",Total,Male,0.1,0.1,33.3,33.3,18.6,18.6,9.8,9.8,28.8,28.8,0.0,0.0,8.0,8.0,1.5,1.5,100.0,100.0,59.0,59.0,64.0,64.0
India,Puducherry,34,"Agriculture Year (Jul - Jun), 2017",Total,Person,0.1,0.1,29.2,29.2,20.5,20.5,10.6,10.6,27.9,27.9,0.0,0.0,10.1,10.1,1.7,1.7,100.0,100.0,107.0,107.0,115.0,115.0
India,Puducherry,34,"Agriculture Year (Jul - Jun), 2017",Urban ,Female,0.1,0.1,31.9,31.9,20.2,20.2,4.7,4.7,22.7,22.7,0.0,0.0,17.6,17.6,2.8,2.8,100.0,100.0,34.0,34.0,45.0,45.0
India,Puducherry,34,"Agriculture Year (Jul - Jun), 2017",Urban ,Male,0.1,0.1,40.0,40.0,10.7,10.7,12.7,12.7,25.6,25.6,0.0,0.0,10.4,10.4,0.6,0.6,100.0,100.0,46.0,46.0,54.0,54.0
India,Puducherry,34,"Agriculture Year (Jul - Jun), 2017",Urban ,Person,0.1,0.1,36.5,36.5,14.9,14.9,9.2,9.2,24.3,24.3,0.0,0.0,13.6,13.6,1.5,1.5,100.0,100.0,81.0,81.0,99.0,99.0
India,Andaman And Nicobar Islands,35,"Agriculture Year (Jul - Jun), 2017",Rural ,Female,0.0,0.0,68.6,68.6,12.4,12.4,0.0,0.0,6.3,6.3,0.0,0.0,12.7,12.7,0.0,0.0,100.0,100.0,3.0,3.0,8.0,8.0
India,Andaman And Nicobar Islands,35,"Agriculture Year (Jul - Jun), 2017",Rural ,Male,0.0,0.0,8.2,8.2,68.7,68.7,0.0,0.0,18.2,18.2,0.0,0.0,0.0,0.0,4.8,4.8,100.0,100.0,4.0,4.0,8.0,8.0
India,Andaman And Nicobar Islands,35,"Agriculture Year (Jul - Jun), 2017",Rural ,Person,0.0,0.0,35.9,35.9,42.9,42.9,0.0,0.0,12.8,12.8,0.0,0.0,5.8,5.8,2.6,2.6,100.0,100.0,7.0,7.0,16.0,16.0
India,Andaman And Nicobar Islands,35,"Agriculture Year (Jul - Jun), 2017",Total,Female,0.0,0.0,15.5,15.5,44.0,44.0,7.6,7.6,1.9,1.9,0.0,0.0,25.6,25.6,5.4,5.4,100.0,100.0,18.0,18.0,38.0,38.0
India,Andaman And Nicobar Islands,35,"Agriculture Year (Jul - Jun), 2017",Total,Male,0.0,0.0,29.0,29.0,42.3,42.3,1.2,1.2,15.5,15.5,0.0,0.0,4.4,4.4,7.7,7.7,100.0,100.0,12.0,12.0,32.0,32.0
India,Andaman And Nicobar Islands,35,"Agriculture Year (Jul - Jun), 2017",Total,Person,0.0,0.0,20.6,20.6,43.4,43.4,5.2,5.2,7.0,7.0,0.0,0.0,17.5,17.5,6.3,6.3,100.0,100.0,30.0,30.0,70.0,70.0
India,Andaman And Nicobar Islands,35,"Agriculture Year (Jul - Jun), 2017",Urban ,Female,0.0,0.0,3.7,3.7,51.0,51.0,9.3,9.3,0.9,0.9,0.0,0.0,28.5,28.5,6.6,6.6,100.0,100.0,15.0,15.0,30.0,30.0
India,Andaman And Nicobar Islands,35,"Agriculture Year (Jul - Jun), 2017",Urban ,Male,0.0,0.0,40.1,40.1,28.0,28.0,1.8,1.8,14.0,14.0,0.0,0.0,6.7,6.7,9.3,9.3,100.0,100.0,8.0,8.0,24.0,24.0
India,Andaman And Nicobar Islands,35,"Agriculture Year (Jul - Jun), 2017",Urban ,Person,0.0,0.0,15.6,15.6,43.5,43.5,6.9,6.9,5.2,5.2,0.0,0.0,21.4,21.4,7.5,7.5,100.0,100.0,23.0,23.0,54.0,54.0
India,Telangana,36,"Agriculture Year (Jul - Jun), 2017",Rural ,Female,3.2,3.2,7.3,7.3,55.3,55.3,0.7,0.7,7.6,7.6,0.0,0.0,27.8,27.8,1.5,1.5,100.0,100.0,1563.0,1563.0,326.0,326.0
India,Telangana,36,"Agriculture Year (Jul - Jun), 2017",Rural ,Male,3.3,3.3,10.3,10.3,49.6,49.6,2.1,2.1,11.0,11.0,0.1,0.1,26.0,26.0,1.0,1.0,100.0,100.0,1809.0,1809.0,441.0,441.0
India,Telangana,36,"Agriculture Year (Jul - Jun), 2017",Rural ,Person,3.2,3.2,8.9,8.9,52.3,52.3,1.5,1.5,9.4,9.4,0.1,0.1,26.9,26.9,1.2,1.2,100.0,100.0,3372.0,3372.0,767.0,767.0
India,Telangana,36,"Agriculture Year (Jul - Jun), 2017",Total,Female,3.5,3.5,8.4,8.4,52.9,52.9,2.8,2.8,7.2,7.2,0.0,0.0,27.8,27.8,1.1,1.1,100.0,100.0,2856.0,2856.0,691.0,691.0
India,Telangana,36,"Agriculture Year (Jul - Jun), 2017",Total,Male,3.9,3.9,10.6,10.6,54.8,54.8,2.4,2.4,8.2,8.2,0.1,0.1,23.0,23.0,0.9,0.9,100.0,100.0,3516.0,3516.0,873.0,873.0
India,Telangana,36,"Agriculture Year (Jul - Jun), 2017",Total,Person,3.7,3.7,9.6,9.6,53.9,53.9,2.6,2.6,7.8,7.8,0.0,0.0,25.2,25.2,1.0,1.0,100.0,100.0,6372.0,6372.0,1564.0,1564.0
India,Telangana,36,"Agriculture Year (Jul - Jun), 2017",Urban ,Female,3.9,3.9,9.8,9.8,49.8,49.8,5.4,5.4,6.8,6.8,0.0,0.0,27.7,27.7,0.5,0.5,100.0,100.0,1293.0,1293.0,365.0,365.0
India,Telangana,36,"Agriculture Year (Jul - Jun), 2017",Urban ,Male,4.8,4.8,10.9,10.9,60.2,60.2,2.7,2.7,5.4,5.4,0.0,0.0,19.9,19.9,0.9,0.9,100.0,100.0,1707.0,1707.0,432.0,432.0
India,Telangana,36,"Agriculture Year (Jul - Jun), 2017",Urban ,Person,4.4,4.4,10.4,10.4,55.7,55.7,3.9,3.9,6.0,6.0,0.0,0.0,23.3,23.3,0.7,0.7,100.0,100.0,3000.0,3000.0,797.0,797.0
India,Ladakh,37,"Agriculture Year (Jul - Jun), 2017",Rural ,Female,0.1,0.1,26.6,26.6,20.1,20.1,0.0,0.0,25.1,25.1,0.0,0.0,15.1,15.1,13.1,13.1,100.0,100.0,0.8624767343,0.8624767343,0.6993054602,0.6993054602
India,Ladakh,37,"Agriculture Year (Jul - Jun), 2017",Rural ,Male,0.1,0.1,22.5,22.5,36.9,36.9,0.0,0.0,27.0,27.0,0.0,0.0,8.7,8.7,4.9,4.9,100.0,100.0,0.8391665523,0.8391665523,0.6526850962,0.6526850962
India,Ladakh,37,"Agriculture Year (Jul - Jun), 2017",Rural ,Person,0.1,0.1,24.6,24.6,28.4,28.4,0.0,0.0,26.1,26.1,0.0,0.0,11.9,11.9,9.1,9.1,100.0,100.0,1.6783331046,1.6783331046,1.3519905565,1.3519905565
India,Ladakh,37,"Agriculture Year (Jul - Jun), 2017",Total,Female,0.1,0.1,15.5,15.5,49.2,49.2,0.0,0.0,16.1,16.1,0.0,0.0,12.0,12.0,7.2,7.2,100.0,100.0,2.8653813336,2.8653813336,2.0342020154,2.0342020154
India,Ladakh,37,"Agriculture Year (Jul - Jun), 2017",Total,Male,0.1,0.1,15.3,15.3,43.9,43.9,3.1,3.1,20.1,20.1,0.0,0.0,11.0,11.0,6.5,6.5,100.0,100.0,1.6842317762,1.6842317762,1.8154706159,1.8154706159
India,Ladakh,37,"Agriculture Year (Jul - Jun), 2017",Total,Person,0.1,0.1,15.4,15.4,47.2,47.2,1.2,1.2,17.6,17.6,0.0,0.0,11.6,11.6,6.9,6.9,100.0,100.0,4.5496131098,4.5496131098,3.8496726314,3.8496726314
India,Ladakh,37,"Agriculture Year (Jul - Jun), 2017",Urban ,Female,0.3,0.3,10.7,10.7,61.9,61.9,0.0,0.0,12.1,12.1,0.0,0.0,10.7,10.7,4.6,4.6,100.0,100.0,1.6977672998,1.6977672998,1.137865318,1.137865318
India,Ladakh,37,"Agriculture Year (Jul - Jun), 2017",Urban ,Male,0.1,0.1,8.6,8.6,50.4,50.4,6.1,6.1,13.7,13.7,0.0,0.0,13.1,13.1,8.0,8.0,100.0,100.0,0.7585768786,0.7585768786,0.9933744839,0.9933744839
India,Ladakh,37,"Agriculture Year (Jul - Jun), 2017",Urban ,Person,0.2,0.2,10.1,10.1,58.3,58.3,1.9,1.9,12.6,12.6,0.0,0.0,11.4,11.4,5.7,5.7,100.0,100.0,2.4563441785,2.4563441785,2.1312398019,2.1312398019
India,The Dadra And Nagar Haveli And Daman And Diu,38,"Agriculture Year (Jul - Jun), 2017",Rural ,Female,0.0,0.0,55.7416952633,55.7416952633,25.30828786,25.30828786,0.0,0.0,5.6507580446,5.6507580446,0.0,0.0,13.3563371962,13.3563371962,0.0,0.0,100.0,100.0,2.0,2.0,13.0,13.0
India,The Dadra And Nagar Haveli And Daman And Diu,38,"Agriculture Year (Jul - Jun), 2017",Rural ,Male,0.0,0.0,0.0,0.0,72.3169934181,72.3169934181,0.0,0.0,0.0,0.0,0.0,0.0,27.6830065819,27.6830065819,0.0,0.0,100.0,100.0,1.0,1.0,11.0,11.0
India,The Dadra And Nagar Haveli And Daman And Diu,38,"Agriculture Year (Jul - Jun), 2017",Rural ,Person,0.0,0.0,35.4407923605,35.4407923605,40.9858432718,40.9858432718,0.0,0.0,2.6826831121,2.6826831121,0.0,0.0,20.8906812556,20.8906812556,0.0,0.0,100.0,100.0,5.0,5.0,24.0,24.0
India,The Dadra And Nagar Haveli And Daman And Diu,38,"Agriculture Year (Jul - Jun), 2017",Total,Female,0.0,0.0,13.9346814375,13.9346814375,56.4299916726,56.4299916726,0.0,0.0,2.8380802974,2.8380802974,0.0,0.0,8.9750118464,8.9750118464,17.7853031972,17.7853031972,100.0,100.0,16.0,16.0,29.0,29.0
India,The Dadra And Nagar Haveli And Daman And Diu,38,"Agriculture Year (Jul - Jun), 2017",Total,Male,0.0,0.0,1.2556726642,1.2556726642,32.7918639897,32.7918639897,3.3607709541,3.3607709541,0.0,0.0,0.0,0.0,62.6286239409,62.6286239409,0.0,0.0,100.0,100.0,31.0,31.0,43.0,43.0
India,The Dadra And Nagar Haveli And Daman And Diu,38,"Agriculture Year (Jul - Jun), 2017",Total,Person,0.0,0.0,3.9971518215,3.9971518215,37.8486854024,37.8486854024,1.8835089963,1.8835089963,0.5045476084,0.5045476084,0.0,0.0,52.6757520698,52.6757520698,3.0903541016,3.0903541016,100.0,100.0,46.0,46.0,72.0,72.0
India,The Dadra And Nagar Haveli And Daman And Diu,38,"Agriculture Year (Jul - Jun), 2017",Urban ,Female,0.0,0.0,0.0,0.0,62.6102269458,62.6102269458,0.0,0.0,0.0,0.0,0.0,0.0,2.2303046776,2.2303046776,35.1594683766,35.1594683766,100.0,100.0,13.0,13.0,16.0,16.0
India,The Dadra And Nagar Haveli And Daman And Diu,38,"Agriculture Year (Jul - Jun), 2017",Urban ,Male,0.0,0.0,1.1151523388,1.1151523388,25.5765536931,25.5765536931,2.9949805671,2.9949805671,0.0,0.0,0.0,0.0,70.3133134011,70.3133134011,0.0,0.0,100.0,100.0,28.0,28.0,32.0,32.0
India,The Dadra And Nagar Haveli And Daman And Diu,38,"Agriculture Year (Jul - Jun), 2017",Urban ,Person,0.0,0.0,0.6372299079,0.6372299079,31.6730910779,31.6730910779,1.7523822467,1.7523822467,0.0,0.0,0.0,0.0,61.9489864912,61.9489864912,4.0201717717,4.0201717717,100.0,100.0,41.0,41.0,48.0,48.0
