Country,StateName,StateCode,Year,Number_of_tuberculosistb_patients_notified_sum,Number_of_tuberculosistb_patients_notified_avg,Number_tuberculosistb_cases_confirmed_bacteriologically_sum,Number_tuberculosistb_cases_confirmed_bacteriologically_avg,Number_of_patients_cured_from_tuberculosistb_sum,Number_of_patients_cured_from_tuberculosistb_avg,Percentage_of_patients_cured_from_tuberculosistb_sum,Percentage_of_patients_cured_from_tuberculosistb_avg,Number_of_successful_treatments_for_tuberculosistb_sum,Number_of_successful_treatments_for_tuberculosistb_avg,Percentage_of_successful_treatments_for_tuberculosistb_sum,Percentage_of_successful_treatments_for_tuberculosistb_avg,Number_of_patients_died_due_to_tuberculosistb_sum,Number_of_patients_died_due_to_tuberculosistb_avg,Percentage_of_deaths_due_to_tuberculosistb_sum,Percentage_of_deaths_due_to_tuberculosistb_avg,Number_of_failed_treatments_for_tuberculosistb_sum,Number_of_failed_treatments_for_tuberculosistb_avg,Percentage_of_failed_treatments_for_tuberculosistb_sum,Percentage_of_failed_treatments_for_tuberculosistb_avg,Number_of_tuberculosistb_cases_lost_to_followup_sum,Number_of_tuberculosistb_cases_lost_to_followup_avg,Percentage_of_tuberculosistb_cases_lost_to_followup_sum,Percentage_of_tuberculosistb_cases_lost_to_followup_avg,Number_of_regimen_change_in_tuberculosistb_cases_sum,Number_of_regimen_change_in_tuberculosistb_cases_avg,Percentage_of_regimen_change_in_tuberculosistb_cases_sum,Percentage_of_regimen_change_in_tuberculosistb_cases_avg,Number_of_tuberculosistb_cases_not_evaluated_sum,Number_of_tuberculosistb_cases_not_evaluated_avg,Percentage_of_tuberculosistb_cases_not_evaluated_sum,Percentage_of_tuberculosistb_cases_not_evaluated_avg,Others_sum,Others_avg
India,Jammu and Kashmir,1,"Calendar Year (Jan - Dec), 2017",1075.9395460539,1075.9395460539,,,,,,,116.3970963458,116.3970963458,11.0,11.0,0.0,0.0,0.0,0.0,,,,,,,,,,,,,952.6955616878,952.6955616878,,,6.8468880203,6.8468880203
India,Jammu and Kashmir,1,"Calendar Year (Jan - Dec), 2018",894.9860769449,894.9860769449,,,,,,,581.0073548691,581.0073548691,65.0,65.0,2.9343805801,2.9343805801,0.0,0.0,1.9562537201,1.9562537201,0.0,0.0,11.7375223206,11.7375223206,1.0,1.0,0.97812686,0.97812686,0.0,0.0,296.3724385949,296.3724385949,33.0,33.0,,
India,Jammu and Kashmir,1,"Calendar Year (Jan - Dec), 2019",701.0,701.0,275.0,275.0,130.0,130.0,47.0,47.0,587.0,587.0,84.0,84.0,9.0,9.0,1.3,1.3,5.0,5.0,0.7,0.7,5.0,5.0,0.7,0.7,3.0,3.0,0.4,0.4,92.0,92.0,13.1,13.1,,
India,Jammu and Kashmir,1,"Calendar Year (Jan - Dec), 2020",606.0,606.0,200.0,200.0,210.0,210.0,105.0,105.0,497.0,497.0,82.0,82.0,15.0,15.0,2.5,2.5,3.0,3.0,0.5,0.5,10.0,10.0,1.7,1.7,0.0,0.0,0.0,0.0,44.0,44.0,7.3,7.3,,
India,Jammu and Kashmir,1,"Calendar Year (Jan - Dec), 2021",630.0,630.0,,,140.0,140.0,22.2,22.2,578.0,578.0,91.7,91.7,20.0,20.0,3.2,3.2,2.0,2.0,0.3,0.3,10.0,10.0,1.6,1.6,3.0,3.0,0.5,0.5,5.0,5.0,0.8,0.8,,
India,Jammu and Kashmir,1,"Calendar Year (Jan - Dec), 2022",544.0,544.0,,,97.0,97.0,17.8,17.8,498.0,498.0,91.5,91.5,10.0,10.0,1.8,1.8,2.0,2.0,0.4,0.4,6.0,6.0,1.1,1.1,3.0,3.0,0.6,0.6,3.0,3.0,0.6,0.6,,
India,Himachal Pradesh,2,"Calendar Year (Jan - Dec), 2017",849.0,849.0,,,,,,,479.0,479.0,56.0,56.0,12.0,12.0,1.0,1.0,,,,,,,,,,,,,337.0,337.0,,,21.0,21.0
India,Himachal Pradesh,2,"Calendar Year (Jan - Dec), 2018",1113.0,1113.0,,,,,,,917.0,917.0,82.0,82.0,34.0,34.0,3.0,3.0,1.0,1.0,0.0,0.0,27.0,27.0,2.0,2.0,1.0,1.0,0.0,0.0,133.0,133.0,12.0,12.0,,
India,Himachal Pradesh,2,"Calendar Year (Jan - Dec), 2019",901.0,901.0,270.0,270.0,149.0,149.0,55.0,55.0,786.0,786.0,87.0,87.0,45.0,45.0,5.0,5.0,1.0,1.0,0.1,0.1,21.0,21.0,2.3,2.3,2.0,2.0,0.2,0.2,46.0,46.0,5.1,5.1,,
India,Himachal Pradesh,2,"Calendar Year (Jan - Dec), 2020",586.0,586.0,214.0,214.0,124.0,124.0,58.0,58.0,469.0,469.0,80.0,80.0,28.0,28.0,4.8,4.8,6.0,6.0,1.0,1.0,22.0,22.0,3.8,3.8,11.0,11.0,1.9,1.9,34.0,34.0,5.8,5.8,,
India,Himachal Pradesh,2,"Calendar Year (Jan - Dec), 2021",550.0,550.0,,,123.0,123.0,22.4,22.4,463.0,463.0,84.2,84.2,25.0,25.0,4.5,4.5,10.0,10.0,1.8,1.8,11.0,11.0,2.0,2.0,2.0,2.0,0.4,0.4,1.0,1.0,0.2,0.2,,
India,Himachal Pradesh,2,"Calendar Year (Jan - Dec), 2022",462.0,462.0,,,110.0,110.0,23.8,23.8,374.0,374.0,81.0,81.0,14.0,14.0,3.0,3.0,4.0,4.0,0.9,0.9,11.0,11.0,2.4,2.4,6.0,6.0,1.3,1.3,11.0,11.0,2.4,2.4,,
India,Punjab,3,"Calendar Year (Jan - Dec), 2017",6029.0,6029.0,,,,,,,1112.0,1112.0,18.0,18.0,11.0,11.0,0.0,0.0,,,,,,,,,,,,,4844.0,4844.0,,,62.0,62.0
India,Punjab,3,"Calendar Year (Jan - Dec), 2018",9252.0,9252.0,,,,,,,6861.0,6861.0,74.0,74.0,371.0,371.0,4.0,4.0,32.0,32.0,0.0,0.0,535.0,535.0,6.0,6.0,60.0,60.0,1.0,1.0,1393.0,1393.0,15.0,15.0,,
India,Punjab,3,"Calendar Year (Jan - Dec), 2019",13334.0,13334.0,3196.0,3196.0,366.0,366.0,11.0,11.0,10641.0,10641.0,80.0,80.0,887.0,887.0,6.7,6.7,20.0,20.0,0.1,0.1,226.0,226.0,1.7,1.7,33.0,33.0,0.2,0.2,1527.0,1527.0,11.5,11.5,,
India,Punjab,3,"Calendar Year (Jan - Dec), 2020",10726.0,10726.0,3416.0,3416.0,374.0,374.0,11.0,11.0,8325.0,8325.0,78.0,78.0,757.0,757.0,7.1,7.1,28.0,28.0,0.3,0.3,119.0,119.0,1.1,1.1,51.0,51.0,0.5,0.5,989.0,989.0,9.2,9.2,,
India,Punjab,3,"Calendar Year (Jan - Dec), 2021",13305.0,13305.0,,,467.0,467.0,3.5,3.5,11545.0,11545.0,86.8,86.8,755.0,755.0,5.7,5.7,67.0,67.0,0.5,0.5,202.0,202.0,1.5,1.5,65.0,65.0,0.5,0.5,60.0,60.0,0.5,0.5,,
India,Punjab,3,"Calendar Year (Jan - Dec), 2022",9614.0,9614.0,,,342.0,342.0,3.6,3.6,8183.0,8183.0,85.1,85.1,615.0,615.0,6.4,6.4,23.0,23.0,0.2,0.2,81.0,81.0,0.8,0.8,21.0,21.0,0.2,0.2,41.0,41.0,0.4,0.4,,
India,Chandigarh,4,"Calendar Year (Jan - Dec), 2017",228.0,228.0,,,,,,,12.0,12.0,5.0,5.0,2.0,2.0,1.0,1.0,,,,,,,,,,,,,213.0,213.0,,,1.0,1.0
India,Chandigarh,4,"Calendar Year (Jan - Dec), 2018",72.0,72.0,,,,,,,56.0,56.0,78.0,78.0,4.0,4.0,6.0,6.0,0.0,0.0,0.0,0.0,1.0,1.0,1.0,1.0,1.0,1.0,1.0,1.0,10.0,10.0,14.0,14.0,,
India,Chandigarh,4,"Calendar Year (Jan - Dec), 2019",87.0,87.0,42.0,42.0,7.0,7.0,17.0,17.0,58.0,58.0,67.0,67.0,2.0,2.0,2.3,2.3,0.0,0.0,0.0,0.0,5.0,5.0,5.7,5.7,0.0,0.0,0.0,0.0,22.0,22.0,25.3,25.3,,
India,Chandigarh,4,"Calendar Year (Jan - Dec), 2020",205.0,205.0,89.0,89.0,34.0,34.0,38.0,38.0,132.0,132.0,64.0,64.0,10.0,10.0,4.9,4.9,0.0,0.0,0.0,0.0,5.0,5.0,2.4,2.4,2.0,2.0,1.0,1.0,23.0,23.0,11.2,11.2,,
India,Chandigarh,4,"Calendar Year (Jan - Dec), 2021",103.0,103.0,,,15.0,15.0,14.6,14.6,58.0,58.0,56.3,56.3,1.0,1.0,1.0,1.0,0.0,0.0,0.0,0.0,2.0,2.0,1.9,1.9,1.0,1.0,1.0,1.0,6.0,6.0,5.8,5.8,,
India,Chandigarh,4,"Calendar Year (Jan - Dec), 2022",71.0,71.0,,,10.0,10.0,14.1,14.1,34.0,34.0,47.9,47.9,2.0,2.0,2.8,2.8,0.0,0.0,0.0,0.0,3.0,3.0,4.2,4.2,2.0,2.0,2.8,2.8,6.0,6.0,8.5,8.5,,
India,Uttarakhand,5,"Calendar Year (Jan - Dec), 2017",3917.0,3917.0,,,,,,,3428.0,3428.0,88.0,88.0,4.0,4.0,0.0,0.0,,,,,,,,,,,,,466.0,466.0,,,19.0,19.0
India,Uttarakhand,5,"Calendar Year (Jan - Dec), 2018",3931.0,3931.0,,,,,,,3544.0,3544.0,90.0,90.0,41.0,41.0,1.0,1.0,9.0,9.0,0.0,0.0,188.0,188.0,5.0,5.0,5.0,5.0,0.0,0.0,144.0,144.0,4.0,4.0,,
India,Uttarakhand,5,"Calendar Year (Jan - Dec), 2019",5273.0,5273.0,1515.0,1515.0,141.0,141.0,9.0,9.0,4325.0,4325.0,82.0,82.0,108.0,108.0,2.0,2.0,9.0,9.0,0.2,0.2,300.0,300.0,5.7,5.7,18.0,18.0,0.3,0.3,513.0,513.0,9.7,9.7,,
India,Uttarakhand,5,"Calendar Year (Jan - Dec), 2020",4689.0,4689.0,1090.0,1090.0,116.0,116.0,11.0,11.0,3675.0,3675.0,78.0,78.0,154.0,154.0,3.3,3.3,30.0,30.0,0.6,0.6,215.0,215.0,4.6,4.6,35.0,35.0,0.7,0.7,396.0,396.0,8.4,8.4,,
India,Uttarakhand,5,"Calendar Year (Jan - Dec), 2021",4401.0,4401.0,,,105.0,105.0,2.4,2.4,3961.0,3961.0,90.0,90.0,80.0,80.0,1.8,1.8,20.0,20.0,0.5,0.5,103.0,103.0,2.3,2.3,19.0,19.0,0.4,0.4,27.0,27.0,0.6,0.6,,
India,Uttarakhand,5,"Calendar Year (Jan - Dec), 2022",4668.0,4668.0,,,140.0,140.0,3.0,3.0,4035.0,4035.0,86.4,86.4,73.0,73.0,1.6,1.6,14.0,14.0,0.3,0.3,91.0,91.0,1.9,1.9,19.0,19.0,0.4,0.4,18.0,18.0,0.4,0.4,,
India,Haryana,6,"Calendar Year (Jan - Dec), 2017",6757.0,6757.0,,,,,,,3605.0,3605.0,53.0,53.0,39.0,39.0,1.0,1.0,,,,,,,,,,,,,2694.0,2694.0,,,419.0,419.0
India,Haryana,6,"Calendar Year (Jan - Dec), 2018",13709.0,13709.0,,,,,,,9909.0,9909.0,72.0,72.0,275.0,275.0,2.0,2.0,56.0,56.0,0.0,0.0,976.0,976.0,7.0,7.0,21.0,21.0,0.0,0.0,2472.0,2472.0,18.0,18.0,,
India,Haryana,6,"Calendar Year (Jan - Dec), 2019",19558.0,19558.0,5654.0,5654.0,2134.0,2134.0,38.0,38.0,13667.0,13667.0,70.0,70.0,630.0,630.0,3.2,3.2,108.0,108.0,0.6,0.6,1584.0,1584.0,8.1,8.1,78.0,78.0,0.4,0.4,3491.0,3491.0,17.8,17.8,,
India,Haryana,6,"Calendar Year (Jan - Dec), 2020",18041.0,18041.0,5519.0,5519.0,1768.0,1768.0,32.0,32.0,13620.0,13620.0,75.0,75.0,722.0,722.0,4.0,4.0,98.0,98.0,0.5,0.5,1003.0,1003.0,5.6,5.6,95.0,95.0,0.5,0.5,1589.0,1589.0,8.8,8.8,,
India,Haryana,6,"Calendar Year (Jan - Dec), 2021",18697.0,18697.0,,,1896.0,1896.0,10.1,10.1,15682.0,15682.0,83.9,83.9,721.0,721.0,3.9,3.9,66.0,66.0,0.4,0.4,528.0,528.0,2.8,2.8,107.0,107.0,0.6,0.6,700.0,700.0,3.7,3.7,,
India,Haryana,6,"Calendar Year (Jan - Dec), 2022",16835.0,16835.0,,,2515.0,2515.0,14.9,14.9,14565.0,14565.0,86.5,86.5,439.0,439.0,2.6,2.6,58.0,58.0,0.3,0.3,376.0,376.0,2.2,2.2,92.0,92.0,0.5,0.5,141.0,141.0,0.8,0.8,,
India,Delhi,7,"Calendar Year (Jan - Dec), 2017",6808.0,6808.0,,,,,,,11.0,11.0,0.0,0.0,1.0,1.0,0.0,0.0,,,,,,,,,,,,,6794.0,6794.0,,,2.0,2.0
India,Delhi,7,"Calendar Year (Jan - Dec), 2018",9250.0,9250.0,,,,,,,3474.0,3474.0,38.0,38.0,193.0,193.0,2.0,2.0,17.0,17.0,0.0,0.0,698.0,698.0,8.0,8.0,30.0,30.0,0.0,0.0,4838.0,4838.0,52.0,52.0,,
India,Delhi,7,"Calendar Year (Jan - Dec), 2019",25881.0,25881.0,9450.0,9450.0,79.0,79.0,1.0,1.0,14460.0,14460.0,56.0,56.0,850.0,850.0,3.3,3.3,30.0,30.0,0.1,0.1,1243.0,1243.0,4.8,4.8,138.0,138.0,0.5,0.5,9160.0,9160.0,35.4,35.4,,
India,Delhi,7,"Calendar Year (Jan - Dec), 2020",18207.0,18207.0,7638.0,7638.0,68.0,68.0,1.0,1.0,11461.0,11461.0,63.0,63.0,678.0,678.0,3.7,3.7,44.0,44.0,0.2,0.2,847.0,847.0,4.7,4.7,100.0,100.0,0.5,0.5,572.0,572.0,3.1,3.1,,
India,Delhi,7,"Calendar Year (Jan - Dec), 2021",16845.0,16845.0,,,257.0,257.0,1.5,1.5,10119.0,10119.0,60.1,60.1,618.0,618.0,3.7,3.7,43.0,43.0,0.3,0.3,1134.0,1134.0,6.7,6.7,96.0,96.0,0.6,0.6,337.0,337.0,2.0,2.0,,
India,Delhi,7,"Calendar Year (Jan - Dec), 2022",9959.0,9959.0,,,176.0,176.0,1.8,1.8,5027.0,5027.0,50.5,50.5,207.0,207.0,2.1,2.1,49.0,49.0,0.5,0.5,665.0,665.0,6.7,6.7,43.0,43.0,0.4,0.4,388.0,388.0,3.9,3.9,,
India,Rajasthan,8,"Calendar Year (Jan - Dec), 2017",23446.0,23446.0,,,,,,,8825.0,8825.0,38.0,38.0,85.0,85.0,0.0,0.0,,,,,,,,,,,,,12819.0,12819.0,,,1717.0,1717.0
India,Rajasthan,8,"Calendar Year (Jan - Dec), 2018",43423.0,43423.0,,,,,,,27762.0,27762.0,64.0,64.0,378.0,378.0,1.0,1.0,244.0,244.0,1.0,1.0,2494.0,2494.0,6.0,6.0,62.0,62.0,0.0,0.0,12483.0,12483.0,29.0,29.0,,
India,Rajasthan,8,"Calendar Year (Jan - Dec), 2019",52084.0,52084.0,9444.0,9444.0,2534.0,2534.0,27.0,27.0,40006.0,40006.0,77.0,77.0,882.0,882.0,1.7,1.7,340.0,340.0,0.7,0.7,3025.0,3025.0,5.8,5.8,144.0,144.0,0.3,0.3,7687.0,7687.0,14.8,14.8,,
India,Rajasthan,8,"Calendar Year (Jan - Dec), 2020",40097.0,40097.0,6714.0,6714.0,1493.0,1493.0,22.0,22.0,33213.0,33213.0,83.0,83.0,1289.0,1289.0,3.2,3.2,241.0,241.0,0.6,0.6,2655.0,2655.0,6.6,6.6,215.0,215.0,0.5,0.5,1082.0,1082.0,2.7,2.7,,
India,Rajasthan,8,"Calendar Year (Jan - Dec), 2021",43316.0,43316.0,,,2013.0,2013.0,4.6,4.6,37537.0,37537.0,86.7,86.7,1114.0,1114.0,2.6,2.6,196.0,196.0,0.5,0.5,2195.0,2195.0,5.1,5.1,233.0,233.0,0.5,0.5,726.0,726.0,1.7,1.7,,
India,Rajasthan,8,"Calendar Year (Jan - Dec), 2022",38443.0,38443.0,,,2638.0,2638.0,6.9,6.9,34989.0,34989.0,91.0,91.0,505.0,505.0,1.3,1.3,355.0,355.0,0.9,0.9,1235.0,1235.0,3.2,3.2,207.0,207.0,0.5,0.5,97.0,97.0,0.3,0.3,,
India,Uttar Pradesh,9,"Calendar Year (Jan - Dec), 2017",67461.0,67461.0,,,,,,,4518.0,4518.0,7.0,7.0,30.0,30.0,0.0,0.0,,,,,,,,,,,,,57021.0,57021.0,,,5892.0,5892.0
India,Uttar Pradesh,9,"Calendar Year (Jan - Dec), 2018",98398.0,98398.0,,,,,,,64218.0,64218.0,65.0,65.0,1949.0,1949.0,2.0,2.0,569.0,569.0,1.0,1.0,7390.0,7390.0,8.0,8.0,186.0,186.0,0.0,0.0,24086.0,24086.0,24.0,24.0,,
India,Uttar Pradesh,9,"Calendar Year (Jan - Dec), 2019",143062.0,143062.0,12742.0,12742.0,2074.0,2074.0,16.0,16.0,119096.0,119096.0,83.0,83.0,6315.0,6315.0,4.4,4.4,995.0,995.0,0.7,0.7,7151.0,7151.0,5.0,5.0,865.0,865.0,0.6,0.6,8640.0,8640.0,6.0,6.0,,
India,Uttar Pradesh,9,"Calendar Year (Jan - Dec), 2020",106478.0,106478.0,9210.0,9210.0,4051.0,4051.0,44.0,44.0,90082.0,90082.0,85.0,85.0,5178.0,5178.0,4.9,4.9,548.0,548.0,0.5,0.5,3869.0,3869.0,3.6,3.6,1055.0,1055.0,1.0,1.0,1897.0,1897.0,1.8,1.8,,
India,Uttar Pradesh,9,"Calendar Year (Jan - Dec), 2021",114690.0,114690.0,,,3766.0,3766.0,3.3,3.3,100899.0,100899.0,88.0,88.0,4014.0,4014.0,3.5,3.5,539.0,539.0,0.5,0.5,3634.0,3634.0,3.2,3.2,1055.0,1055.0,0.9,0.9,983.0,983.0,0.9,0.9,,
India,Uttar Pradesh,9,"Calendar Year (Jan - Dec), 2022",114932.0,114932.0,,,4101.0,4101.0,3.6,3.6,106416.0,106416.0,92.6,92.6,2245.0,2245.0,2.0,2.0,484.0,484.0,0.4,0.4,1582.0,1582.0,1.4,1.4,856.0,856.0,0.7,0.7,764.0,764.0,0.7,0.7,,
India,Bihar,10,"Calendar Year (Jan - Dec), 2017",45426.0,45426.0,,,,,,,12654.0,12654.0,28.0,28.0,777.0,777.0,2.0,2.0,,,,,,,,,,,,,28036.0,28036.0,,,3959.0,3959.0
India,Bihar,10,"Calendar Year (Jan - Dec), 2018",40327.0,40327.0,,,,,,,25195.0,25195.0,62.0,62.0,979.0,979.0,2.0,2.0,163.0,163.0,0.0,0.0,1850.0,1850.0,5.0,5.0,174.0,174.0,0.0,0.0,11966.0,11966.0,30.0,30.0,,
India,Bihar,10,"Calendar Year (Jan - Dec), 2019",45652.0,45652.0,4854.0,4854.0,969.0,969.0,20.0,20.0,34941.0,34941.0,77.0,77.0,1094.0,1094.0,2.4,2.4,234.0,234.0,0.5,0.5,1290.0,1290.0,2.8,2.8,177.0,177.0,0.4,0.4,7916.0,7916.0,17.3,17.3,,
India,Bihar,10,"Calendar Year (Jan - Dec), 2020",47070.0,47070.0,4678.0,4678.0,478.0,478.0,10.0,10.0,38550.0,38550.0,82.0,82.0,2031.0,2031.0,4.3,4.3,231.0,231.0,0.5,0.5,1642.0,1642.0,3.5,3.5,435.0,435.0,0.9,0.9,3261.0,3261.0,6.9,6.9,,
India,Bihar,10,"Calendar Year (Jan - Dec), 2021",70993.0,70993.0,,,533.0,533.0,0.8,0.8,61796.0,61796.0,87.0,87.0,3228.0,3228.0,4.5,4.5,256.0,256.0,0.4,0.4,2568.0,2568.0,3.6,3.6,469.0,469.0,0.7,0.7,1356.0,1356.0,1.9,1.9,,
India,Bihar,10,"Calendar Year (Jan - Dec), 2022",84068.0,84068.0,,,676.0,676.0,0.8,0.8,74252.0,74252.0,88.3,88.3,3323.0,3323.0,4.0,4.0,320.0,320.0,0.4,0.4,4556.0,4556.0,5.4,5.4,501.0,501.0,0.6,0.6,259.0,259.0,0.3,0.3,,
India,Sikkim,11,"Calendar Year (Jan - Dec), 2017",39.0,39.0,,,,,,,0.0,0.0,0.0,0.0,0.0,0.0,0.0,0.0,,,,,,,,,,,,,39.0,39.0,,,0.0,0.0
India,Sikkim,11,"Calendar Year (Jan - Dec), 2018",27.0,27.0,,,,,,,13.0,13.0,48.0,48.0,1.0,1.0,4.0,4.0,0.0,0.0,0.0,0.0,0.0,0.0,0.0,0.0,0.0,0.0,0.0,0.0,13.0,13.0,48.0,48.0,,
India,Sikkim,11,"Calendar Year (Jan - Dec), 2019",26.0,26.0,7.0,7.0,0.0,0.0,0.0,0.0,23.0,23.0,88.0,88.0,0.0,0.0,0.0,0.0,0.0,0.0,0.0,0.0,0.0,0.0,0.0,0.0,0.0,0.0,0.0,0.0,3.0,3.0,11.5,11.5,,
India,Sikkim,11,"Calendar Year (Jan - Dec), 2020",74.0,74.0,29.0,29.0,9.0,9.0,31.0,31.0,66.0,66.0,89.0,89.0,2.0,2.0,2.7,2.7,0.0,0.0,0.0,0.0,0.0,0.0,0.0,0.0,2.0,2.0,2.7,2.7,0.0,0.0,0.0,0.0,,
India,Sikkim,11,"Calendar Year (Jan - Dec), 2021",84.0,84.0,,,31.0,31.0,36.9,36.9,79.0,79.0,94.0,94.0,2.0,2.0,2.4,2.4,0.0,0.0,0.0,0.0,3.0,3.0,3.6,3.6,0.0,0.0,0.0,0.0,0.0,0.0,0.0,0.0,,
India,Sikkim,11,"Calendar Year (Jan - Dec), 2022",57.0,57.0,,,27.0,27.0,47.4,47.4,54.0,54.0,94.7,94.7,2.0,2.0,3.5,3.5,0.0,0.0,0.0,0.0,0.0,0.0,0.0,0.0,0.0,0.0,0.0,0.0,0.0,0.0,0.0,0.0,,
India,Arunachal Pradesh,12,"Calendar Year (Jan - Dec), 2017",15.0,15.0,,,,,,,0.0,0.0,0.0,0.0,0.0,0.0,0.0,0.0,,,,,,,,,,,,,15.0,15.0,,,0.0,0.0
India,Arunachal Pradesh,12,"Calendar Year (Jan - Dec), 2018",8.0,8.0,,,,,,,4.0,4.0,50.0,50.0,0.0,0.0,0.0,0.0,0.0,0.0,0.0,0.0,0.0,0.0,0.0,0.0,0.0,0.0,0.0,0.0,4.0,4.0,50.0,50.0,,
India,Arunachal Pradesh,12,"Calendar Year (Jan - Dec), 2019",46.0,46.0,7.0,7.0,2.0,2.0,29.0,29.0,19.0,19.0,41.0,41.0,0.0,0.0,0.0,0.0,0.0,0.0,0.0,0.0,2.0,2.0,4.3,4.3,1.0,1.0,2.2,2.2,24.0,24.0,52.2,52.2,,
India,Arunachal Pradesh,12,"Calendar Year (Jan - Dec), 2020",4.0,4.0,0.0,0.0,,,,,1.0,1.0,25.0,25.0,0.0,0.0,0.0,0.0,0.0,0.0,0.0,0.0,0.0,0.0,0.0,0.0,0.0,0.0,0.0,0.0,1.0,1.0,25.0,25.0,,
India,Arunachal Pradesh,12,"Calendar Year (Jan - Dec), 2022",6.0,6.0,,,1.0,1.0,16.7,16.7,2.0,2.0,33.3,33.3,0.0,0.0,0.0,0.0,0.0,0.0,0.0,0.0,1.0,1.0,16.7,16.7,0.0,0.0,0.0,0.0,0.0,0.0,0.0,0.0,,
India,Nagaland,13,"Calendar Year (Jan - Dec), 2018",748.0,748.0,,,,,,,278.0,278.0,37.0,37.0,22.0,22.0,3.0,3.0,1.0,1.0,0.0,0.0,28.0,28.0,4.0,4.0,10.0,10.0,1.0,1.0,409.0,409.0,55.0,55.0,,
India,Nagaland,13,"Calendar Year (Jan - Dec), 2019",708.0,708.0,83.0,83.0,25.0,25.0,30.0,30.0,523.0,523.0,74.0,74.0,26.0,26.0,3.7,3.7,0.0,0.0,0.0,0.0,32.0,32.0,4.5,4.5,6.0,6.0,0.8,0.8,121.0,121.0,17.1,17.1,,
India,Nagaland,13,"Calendar Year (Jan - Dec), 2020",674.0,674.0,60.0,60.0,18.0,18.0,30.0,30.0,547.0,547.0,81.0,81.0,17.0,17.0,2.5,2.5,0.0,0.0,0.0,0.0,25.0,25.0,3.7,3.7,0.0,0.0,0.0,0.0,84.0,84.0,12.5,12.5,,
India,Nagaland,13,"Calendar Year (Jan - Dec), 2021",534.0,534.0,,,11.0,11.0,2.1,2.1,456.0,456.0,85.4,85.4,28.0,28.0,5.2,5.2,0.0,0.0,0.0,0.0,22.0,22.0,4.1,4.1,0.0,0.0,0.0,0.0,21.0,21.0,3.9,3.9,,
India,Nagaland,13,"Calendar Year (Jan - Dec), 2022",378.0,378.0,,,13.0,13.0,3.4,3.4,334.0,334.0,88.4,88.4,2.0,2.0,0.5,0.5,0.0,0.0,0.0,0.0,17.0,17.0,4.5,4.5,1.0,1.0,0.3,0.3,17.0,17.0,4.5,4.5,,
India,Manipur,14,"Calendar Year (Jan - Dec), 2017",1123.0,1123.0,,,,,,,490.0,490.0,44.0,44.0,13.0,13.0,1.0,1.0,,,,,,,,,,,,,600.0,600.0,,,20.0,20.0
India,Manipur,14,"Calendar Year (Jan - Dec), 2018",650.0,650.0,,,,,,,515.0,515.0,79.0,79.0,10.0,10.0,2.0,2.0,1.0,1.0,0.0,0.0,23.0,23.0,4.0,4.0,2.0,2.0,0.0,0.0,99.0,99.0,15.0,15.0,,
India,Manipur,14,"Calendar Year (Jan - Dec), 2019",373.0,373.0,183.0,183.0,23.0,23.0,13.0,13.0,238.0,238.0,64.0,64.0,4.0,4.0,1.1,1.1,0.0,0.0,0.0,0.0,20.0,20.0,5.4,5.4,2.0,2.0,0.5,0.5,109.0,109.0,29.2,29.2,,
India,Manipur,14,"Calendar Year (Jan - Dec), 2020",177.0,177.0,88.0,88.0,12.0,12.0,14.0,14.0,113.0,113.0,64.0,64.0,7.0,7.0,4.0,4.0,0.0,0.0,0.0,0.0,5.0,5.0,2.8,2.8,0.0,0.0,0.0,0.0,14.0,14.0,7.9,7.9,,
India,Manipur,14,"Calendar Year (Jan - Dec), 2021",183.0,183.0,,,41.0,41.0,22.4,22.4,130.0,130.0,71.0,71.0,3.0,3.0,1.6,1.6,1.0,1.0,0.5,0.5,6.0,6.0,3.3,3.3,3.0,3.0,1.6,1.6,2.0,2.0,1.1,1.1,,
India,Manipur,14,"Calendar Year (Jan - Dec), 2022",243.0,243.0,,,33.0,33.0,13.6,13.6,104.0,104.0,42.8,42.8,4.0,4.0,1.6,1.6,0.0,0.0,0.0,0.0,11.0,11.0,4.5,4.5,1.0,1.0,0.4,0.4,2.0,2.0,0.8,0.8,,
India,Mizoram,15,"Calendar Year (Jan - Dec), 2017",62.0,62.0,,,,,,,0.0,0.0,0.0,0.0,0.0,0.0,0.0,0.0,,,,,,,,,,,,,62.0,62.0,,,0.0,0.0
India,Mizoram,15,"Calendar Year (Jan - Dec), 2018",50.0,50.0,,,,,,,17.0,17.0,34.0,34.0,0.0,0.0,0.0,0.0,0.0,0.0,0.0,0.0,0.0,0.0,0.0,0.0,1.0,1.0,2.0,2.0,32.0,32.0,64.0,64.0,,
India,Mizoram,15,"Calendar Year (Jan - Dec), 2019",54.0,54.0,29.0,29.0,8.0,8.0,28.0,28.0,26.0,26.0,48.0,48.0,0.0,0.0,0.0,0.0,0.0,0.0,0.0,0.0,1.0,1.0,1.9,1.9,2.0,2.0,3.7,3.7,25.0,25.0,46.3,46.3,,
India,Mizoram,15,"Calendar Year (Jan - Dec), 2020",157.0,157.0,64.0,64.0,46.0,46.0,72.0,72.0,137.0,137.0,87.0,87.0,0.0,0.0,0.0,0.0,0.0,0.0,0.0,0.0,4.0,4.0,2.5,2.5,2.0,2.0,1.3,1.3,3.0,3.0,1.9,1.9,,
India,Mizoram,15,"Calendar Year (Jan - Dec), 2021",187.0,187.0,,,77.0,77.0,41.2,41.2,169.0,169.0,90.4,90.4,10.0,10.0,5.3,5.3,0.0,0.0,0.0,0.0,5.0,5.0,2.7,2.7,0.0,0.0,0.0,0.0,0.0,0.0,0.0,0.0,,
India,Mizoram,15,"Calendar Year (Jan - Dec), 2022",18.0,18.0,,,6.0,6.0,33.3,33.3,16.0,16.0,88.9,88.9,1.0,1.0,5.6,5.6,0.0,0.0,0.0,0.0,1.0,1.0,5.6,5.6,0.0,0.0,0.0,0.0,0.0,0.0,0.0,0.0,,
India,Tripura,16,"Calendar Year (Jan - Dec), 2017",8.0,8.0,,,,,,,0.0,0.0,0.0,0.0,0.0,0.0,0.0,0.0,,,,,,,,,,,,,8.0,8.0,,,0.0,0.0
India,Tripura,16,"Calendar Year (Jan - Dec), 2018",4.0,4.0,,,,,,,3.0,3.0,75.0,75.0,0.0,0.0,0.0,0.0,0.0,0.0,0.0,0.0,0.0,0.0,0.0,0.0,0.0,0.0,0.0,0.0,1.0,1.0,25.0,25.0,,
India,Tripura,16,"Calendar Year (Jan - Dec), 2019",12.0,12.0,9.0,9.0,6.0,6.0,67.0,67.0,8.0,8.0,67.0,67.0,0.0,0.0,0.0,0.0,0.0,0.0,0.0,0.0,1.0,1.0,8.3,8.3,0.0,0.0,0.0,0.0,3.0,3.0,25.0,25.0,,
India,Tripura,16,"Calendar Year (Jan - Dec), 2020",3.0,3.0,0.0,0.0,,,,,2.0,2.0,67.0,67.0,0.0,0.0,0.0,0.0,0.0,0.0,0.0,0.0,0.0,0.0,0.0,0.0,0.0,0.0,0.0,0.0,0.0,0.0,0.0,0.0,,
India,Tripura,16,"Calendar Year (Jan - Dec), 2021",12.0,12.0,,,3.0,3.0,25.0,25.0,10.0,10.0,83.3,83.3,1.0,1.0,8.3,8.3,0.0,0.0,0.0,0.0,0.0,0.0,0.0,0.0,0.0,0.0,0.0,0.0,1.0,1.0,8.3,8.3,,
India,Tripura,16,"Calendar Year (Jan - Dec), 2022",40.0,40.0,,,3.0,3.0,7.5,7.5,33.0,33.0,82.5,82.5,1.0,1.0,2.5,2.5,0.0,0.0,0.0,0.0,0.0,0.0,0.0,0.0,0.0,0.0,0.0,0.0,0.0,0.0,0.0,0.0,,
India,Meghalaya,17,"Calendar Year (Jan - Dec), 2017",607.0,607.0,,,,,,,0.0,0.0,0.0,0.0,0.0,0.0,0.0,0.0,,,,,,,,,,,,,607.0,607.0,,,0.0,0.0
India,Meghalaya,17,"Calendar Year (Jan - Dec), 2018",487.0,487.0,,,,,,,234.0,234.0,48.0,48.0,3.0,3.0,1.0,1.0,2.0,2.0,0.0,0.0,23.0,23.0,5.0,5.0,1.0,1.0,0.0,0.0,224.0,224.0,46.0,46.0,,
India,Meghalaya,17,"Calendar Year (Jan - Dec), 2019",634.0,634.0,103.0,103.0,8.0,8.0,8.0,8.0,530.0,530.0,84.0,84.0,3.0,3.0,0.5,0.5,2.0,2.0,0.3,0.3,27.0,27.0,4.3,4.3,0.0,0.0,0.0,0.0,72.0,72.0,11.4,11.4,,
India,Meghalaya,17,"Calendar Year (Jan - Dec), 2020",413.0,413.0,101.0,101.0,0.0,0.0,0.0,0.0,339.0,339.0,82.0,82.0,7.0,7.0,1.7,1.7,0.0,0.0,0.0,0.0,39.0,39.0,9.4,9.4,3.0,3.0,0.7,0.7,11.0,11.0,2.7,2.7,,
India,Meghalaya,17,"Calendar Year (Jan - Dec), 2021",363.0,363.0,,,4.0,4.0,1.1,1.1,333.0,333.0,91.7,91.7,4.0,4.0,1.1,1.1,0.0,0.0,0.0,0.0,11.0,11.0,3.0,3.0,1.0,1.0,0.3,0.3,0.0,0.0,0.0,0.0,,
India,Meghalaya,17,"Calendar Year (Jan - Dec), 2022",354.0,354.0,,,3.0,3.0,0.8,0.8,284.0,284.0,80.2,80.2,7.0,7.0,2.0,2.0,2.0,2.0,0.6,0.6,9.0,9.0,2.5,2.5,1.0,1.0,0.3,0.3,45.0,45.0,12.7,12.7,,
India,Assam,18,"Calendar Year (Jan - Dec), 2017",3770.0,3770.0,,,,,,,450.0,450.0,12.0,12.0,0.0,0.0,0.0,0.0,,,,,,,,,,,,,1980.0,1980.0,,,1340.0,1340.0
India,Assam,18,"Calendar Year (Jan - Dec), 2018",4036.0,4036.0,,,,,,,2402.0,2402.0,60.0,60.0,58.0,58.0,1.0,1.0,14.0,14.0,0.0,0.0,34.0,34.0,1.0,1.0,14.0,14.0,0.0,0.0,1514.0,1514.0,38.0,38.0,,
India,Assam,18,"Calendar Year (Jan - Dec), 2019",5634.0,5634.0,916.0,916.0,237.0,237.0,26.0,26.0,4270.0,4270.0,76.0,76.0,178.0,178.0,3.2,3.2,30.0,30.0,0.5,0.5,87.0,87.0,1.5,1.5,32.0,32.0,0.6,0.6,1037.0,1037.0,18.4,18.4,,
India,Assam,18,"Calendar Year (Jan - Dec), 2020",3680.0,3680.0,759.0,759.0,170.0,170.0,22.0,22.0,3043.0,3043.0,83.0,83.0,166.0,166.0,4.5,4.5,12.0,12.0,0.3,0.3,47.0,47.0,1.3,1.3,17.0,17.0,0.5,0.5,256.0,256.0,7.0,7.0,,
India,Assam,18,"Calendar Year (Jan - Dec), 2021",4113.0,4113.0,,,331.0,331.0,8.0,8.0,3656.0,3656.0,88.9,88.9,195.0,195.0,4.7,4.7,28.0,28.0,0.7,0.7,62.0,62.0,1.5,1.5,15.0,15.0,0.4,0.4,7.0,7.0,0.2,0.2,,
India,Assam,18,"Calendar Year (Jan - Dec), 2022",5900.0,5900.0,,,485.0,485.0,8.2,8.2,5279.0,5279.0,89.5,89.5,184.0,184.0,3.1,3.1,23.0,23.0,0.4,0.4,77.0,77.0,1.3,1.3,36.0,36.0,0.6,0.6,61.0,61.0,1.0,1.0,,
India,West Bengal,19,"Calendar Year (Jan - Dec), 2017",12363.0,12363.0,,,,,,,5654.0,5654.0,46.0,46.0,116.0,116.0,1.0,1.0,,,,,,,,,,,,,5580.0,5580.0,,,1013.0,1013.0
India,West Bengal,19,"Calendar Year (Jan - Dec), 2018",13687.0,13687.0,,,,,,,9120.0,9120.0,67.0,67.0,248.0,248.0,2.0,2.0,53.0,53.0,0.0,0.0,293.0,293.0,2.0,2.0,61.0,61.0,0.0,0.0,3912.0,3912.0,29.0,29.0,,
India,West Bengal,19,"Calendar Year (Jan - Dec), 2019",16765.0,16765.0,6465.0,6465.0,1549.0,1549.0,24.0,24.0,11817.0,11817.0,70.0,70.0,660.0,660.0,3.9,3.9,48.0,48.0,0.3,0.3,507.0,507.0,3.0,3.0,149.0,149.0,0.9,0.9,3584.0,3584.0,21.4,21.4,,
India,West Bengal,19,"Calendar Year (Jan - Dec), 2020",8047.0,8047.0,2753.0,2753.0,1040.0,1040.0,38.0,38.0,6591.0,6591.0,82.0,82.0,406.0,406.0,5.0,5.0,31.0,31.0,0.4,0.4,160.0,160.0,2.0,2.0,57.0,57.0,0.7,0.7,275.0,275.0,3.4,3.4,,
India,West Bengal,19,"Calendar Year (Jan - Dec), 2021",9204.0,9204.0,,,1785.0,1785.0,19.4,19.4,6934.0,6934.0,75.3,75.3,435.0,435.0,4.7,4.7,48.0,48.0,0.5,0.5,152.0,152.0,1.7,1.7,80.0,80.0,0.9,0.9,481.0,481.0,5.2,5.2,,
India,West Bengal,19,"Calendar Year (Jan - Dec), 2022",6787.0,6787.0,,,1379.0,1379.0,20.3,20.3,5550.0,5550.0,81.8,81.8,260.0,260.0,3.8,3.8,28.0,28.0,0.4,0.4,129.0,129.0,1.9,1.9,74.0,74.0,1.1,1.1,110.0,110.0,1.6,1.6,,
India,Jharkhand,20,"Calendar Year (Jan - Dec), 2017",7880.0,7880.0,,,,,,,1947.0,1947.0,25.0,25.0,9.0,9.0,0.0,0.0,,,,,,,,,,,,,5906.0,5906.0,,,18.0,18.0
India,Jharkhand,20,"Calendar Year (Jan - Dec), 2018",10200.0,10200.0,,,,,,,6322.0,6322.0,62.0,62.0,97.0,97.0,1.0,1.0,17.0,17.0,0.0,0.0,366.0,366.0,4.0,4.0,30.0,30.0,0.0,0.0,3368.0,3368.0,33.0,33.0,,
India,Jharkhand,20,"Calendar Year (Jan - Dec), 2019",12681.0,12681.0,1115.0,1115.0,127.0,127.0,11.0,11.0,7551.0,7551.0,60.0,60.0,233.0,233.0,1.8,1.8,38.0,38.0,0.3,0.3,741.0,741.0,5.8,5.8,29.0,29.0,0.2,0.2,4089.0,4089.0,32.2,32.2,,
India,Jharkhand,20,"Calendar Year (Jan - Dec), 2020",14953.0,14953.0,1081.0,1081.0,44.0,44.0,4.0,4.0,12205.0,12205.0,82.0,82.0,666.0,666.0,4.5,4.5,19.0,19.0,0.1,0.1,1696.0,1696.0,11.3,11.3,67.0,67.0,0.4,0.4,110.0,110.0,0.7,0.7,,
India,Jharkhand,20,"Calendar Year (Jan - Dec), 2021",16628.0,16628.0,,,80.0,80.0,0.5,0.5,13936.0,13936.0,83.8,83.8,708.0,708.0,4.3,4.3,14.0,14.0,0.1,0.1,1662.0,1662.0,10.0,10.0,56.0,56.0,0.3,0.3,79.0,79.0,0.5,0.5,,
India,Jharkhand,20,"Calendar Year (Jan - Dec), 2022",11527.0,11527.0,,,395.0,395.0,3.4,3.4,10297.0,10297.0,89.3,89.3,288.0,288.0,2.5,2.5,48.0,48.0,0.4,0.4,416.0,416.0,3.6,3.6,24.0,24.0,0.2,0.2,211.0,211.0,1.8,1.8,,
India,Odisha,21,"Calendar Year (Jan - Dec), 2017",3779.0,3779.0,,,,,,,604.0,604.0,16.0,16.0,8.0,8.0,0.0,0.0,,,,,,,,,,,,,3113.0,3113.0,,,54.0,54.0
India,Odisha,21,"Calendar Year (Jan - Dec), 2018",2560.0,2560.0,,,,,,,2105.0,2105.0,82.0,82.0,48.0,48.0,2.0,2.0,6.0,6.0,0.0,0.0,77.0,77.0,3.0,3.0,7.0,7.0,0.0,0.0,317.0,317.0,12.0,12.0,,
India,Odisha,21,"Calendar Year (Jan - Dec), 2019",3840.0,3840.0,807.0,807.0,530.0,530.0,66.0,66.0,3165.0,3165.0,82.0,82.0,127.0,127.0,3.3,3.3,9.0,9.0,0.2,0.2,122.0,122.0,3.2,3.2,20.0,20.0,0.5,0.5,397.0,397.0,10.3,10.3,,
India,Odisha,21,"Calendar Year (Jan - Dec), 2020",3577.0,3577.0,416.0,416.0,373.0,373.0,90.0,90.0,3254.0,3254.0,91.0,91.0,85.0,85.0,2.4,2.4,2.0,2.0,0.1,0.1,42.0,42.0,1.2,1.2,9.0,9.0,0.3,0.3,95.0,95.0,2.7,2.7,,
India,Odisha,21,"Calendar Year (Jan - Dec), 2021",3852.0,3852.0,,,388.0,388.0,10.1,10.1,3536.0,3536.0,91.8,91.8,99.0,99.0,2.6,2.6,5.0,5.0,0.1,0.1,28.0,28.0,0.7,0.7,9.0,9.0,0.2,0.2,52.0,52.0,1.3,1.3,,
India,Odisha,21,"Calendar Year (Jan - Dec), 2022",4327.0,4327.0,,,422.0,422.0,9.8,9.8,3964.0,3964.0,91.6,91.6,71.0,71.0,1.6,1.6,7.0,7.0,0.2,0.2,46.0,46.0,1.1,1.1,11.0,11.0,0.3,0.3,92.0,92.0,2.1,2.1,,
India,Chhattisgarh,22,"Calendar Year (Jan - Dec), 2017",10658.0,10658.0,,,,,,,5476.0,5476.0,51.0,51.0,39.0,39.0,0.0,0.0,,,,,,,,,,,,,4252.0,4252.0,,,891.0,891.0
India,Chhattisgarh,22,"Calendar Year (Jan - Dec), 2018",10604.0,10604.0,,,,,,,7122.0,7122.0,67.0,67.0,94.0,94.0,1.0,1.0,54.0,54.0,1.0,1.0,147.0,147.0,1.0,1.0,15.0,15.0,0.0,0.0,3172.0,3172.0,30.0,30.0,,
India,Chhattisgarh,22,"Calendar Year (Jan - Dec), 2019",10904.0,10904.0,1172.0,1172.0,510.0,510.0,44.0,44.0,8890.0,8890.0,82.0,82.0,186.0,186.0,1.7,1.7,31.0,31.0,0.3,0.3,263.0,263.0,2.4,2.4,15.0,15.0,0.1,0.1,1519.0,1519.0,13.9,13.9,,
India,Chhattisgarh,22,"Calendar Year (Jan - Dec), 2020",6977.0,6977.0,806.0,806.0,524.0,524.0,65.0,65.0,5813.0,5813.0,83.0,83.0,238.0,238.0,3.4,3.4,24.0,24.0,0.3,0.3,316.0,316.0,4.5,4.5,21.0,21.0,0.3,0.3,491.0,491.0,7.0,7.0,,
India,Chhattisgarh,22,"Calendar Year (Jan - Dec), 2021",7240.0,7240.0,,,514.0,514.0,7.1,7.1,6197.0,6197.0,85.6,85.6,399.0,399.0,5.5,5.5,29.0,29.0,0.4,0.4,272.0,272.0,3.8,3.8,59.0,59.0,0.8,0.8,101.0,101.0,1.4,1.4,,
India,Chhattisgarh,22,"Calendar Year (Jan - Dec), 2022",9166.0,9166.0,,,537.0,537.0,5.9,5.9,7971.0,7971.0,87.0,87.0,618.0,618.0,6.7,6.7,52.0,52.0,0.6,0.6,270.0,270.0,2.9,2.9,71.0,71.0,0.8,0.8,26.0,26.0,0.3,0.3,,
India,Madhya Pradesh,23,"Calendar Year (Jan - Dec), 2017",16964.0,16964.0,,,,,,,10748.0,10748.0,63.0,63.0,58.0,58.0,0.0,0.0,,,,,,,,,,,,,4110.0,4110.0,,,2048.0,2048.0
India,Madhya Pradesh,23,"Calendar Year (Jan - Dec), 2018",32573.0,32573.0,,,,,,,18475.0,18475.0,57.0,57.0,220.0,220.0,1.0,1.0,147.0,147.0,0.0,0.0,1805.0,1805.0,6.0,6.0,43.0,43.0,0.0,0.0,11883.0,11883.0,36.0,36.0,,
India,Madhya Pradesh,23,"Calendar Year (Jan - Dec), 2019",40191.0,40191.0,4542.0,4542.0,1841.0,1841.0,41.0,41.0,26224.0,26224.0,65.0,65.0,901.0,901.0,2.2,2.2,204.0,204.0,0.5,0.5,4730.0,4730.0,11.8,11.8,130.0,130.0,0.3,0.3,8002.0,8002.0,19.9,19.9,,
India,Madhya Pradesh,23,"Calendar Year (Jan - Dec), 2020",29646.0,29646.0,4320.0,4320.0,1747.0,1747.0,40.0,40.0,19035.0,19035.0,64.0,64.0,948.0,948.0,3.2,3.2,125.0,125.0,0.4,0.4,2545.0,2545.0,8.6,8.6,198.0,198.0,0.7,0.7,5433.0,5433.0,18.3,18.3,,
India,Madhya Pradesh,23,"Calendar Year (Jan - Dec), 2021",47338.0,47338.0,,,4041.0,4041.0,8.5,8.5,39732.0,39732.0,83.9,83.9,1686.0,1686.0,3.6,3.6,197.0,197.0,0.4,0.4,3330.0,3330.0,7.0,7.0,321.0,321.0,0.7,0.7,843.0,843.0,1.8,1.8,,
India,Madhya Pradesh,23,"Calendar Year (Jan - Dec), 2022",47317.0,47317.0,,,5129.0,5129.0,10.8,10.8,41575.0,41575.0,87.9,87.9,1504.0,1504.0,3.2,3.2,210.0,210.0,0.4,0.4,2726.0,2726.0,5.8,5.8,298.0,298.0,0.6,0.6,177.0,177.0,0.4,0.4,,
India,Gujarat,24,"Calendar Year (Jan - Dec), 2017",39925.0,39925.0,,,,,,,22818.0,22818.0,57.0,57.0,336.0,336.0,1.0,1.0,,,,,,,,,,,,,10616.0,10616.0,,,6155.0,6155.0
India,Gujarat,24,"Calendar Year (Jan - Dec), 2018",46720.0,46720.0,,,,,,,35833.0,35833.0,77.0,77.0,823.0,823.0,2.0,2.0,156.0,156.0,0.0,0.0,3134.0,3134.0,7.0,7.0,166.0,166.0,0.0,0.0,6608.0,6608.0,14.0,14.0,,
India,Gujarat,24,"Calendar Year (Jan - Dec), 2019",52505.0,52505.0,5828.0,5828.0,993.0,993.0,17.0,17.0,44772.0,44772.0,85.0,85.0,1616.0,1616.0,3.1,3.1,141.0,141.0,0.3,0.3,2259.0,2259.0,4.3,4.3,339.0,339.0,0.6,0.6,3378.0,3378.0,6.4,6.4,,
India,Gujarat,24,"Calendar Year (Jan - Dec), 2020",38231.0,38231.0,4160.0,4160.0,587.0,587.0,14.0,14.0,34398.0,34398.0,90.0,90.0,1222.0,1222.0,3.2,3.2,90.0,90.0,0.2,0.2,1299.0,1299.0,3.4,3.4,348.0,348.0,0.9,0.9,589.0,589.0,1.5,1.5,,
India,Gujarat,24,"Calendar Year (Jan - Dec), 2021",40400.0,40400.0,,,458.0,458.0,1.1,1.1,36846.0,36846.0,91.2,91.2,1250.0,1250.0,3.1,3.1,126.0,126.0,0.3,0.3,1137.0,1137.0,2.8,2.8,347.0,347.0,0.9,0.9,277.0,277.0,0.7,0.7,,
India,Gujarat,24,"Calendar Year (Jan - Dec), 2022",39327.0,39327.0,,,789.0,789.0,2.0,2.0,37187.0,37187.0,94.6,94.6,783.0,783.0,2.0,2.0,106.0,106.0,0.3,0.3,630.0,630.0,1.6,1.6,270.0,270.0,0.7,0.7,71.0,71.0,0.2,0.2,,
India,Maharashtra,27,"Calendar Year (Jan - Dec), 2017",68453.0,68453.0,,,,,,,9079.0,9079.0,13.0,13.0,73.0,73.0,0.0,0.0,,,,,,,,,,,,,58884.0,58884.0,,,417.0,417.0
India,Maharashtra,27,"Calendar Year (Jan - Dec), 2018",59906.0,59906.0,,,,,,,47895.0,47895.0,80.0,80.0,1153.0,1153.0,2.0,2.0,383.0,383.0,1.0,1.0,2310.0,2310.0,4.0,4.0,1434.0,1434.0,2.0,2.0,6731.0,6731.0,11.0,11.0,,
India,Maharashtra,27,"Calendar Year (Jan - Dec), 2019",73656.0,73656.0,24820.0,24820.0,3083.0,3083.0,12.0,12.0,61721.0,61721.0,84.0,84.0,2668.0,2668.0,3.6,3.6,342.0,342.0,0.5,0.5,2377.0,2377.0,3.2,3.2,823.0,823.0,1.1,1.1,5725.0,5725.0,7.8,7.8,,
India,Maharashtra,27,"Calendar Year (Jan - Dec), 2020",52535.0,52535.0,18551.0,18551.0,2151.0,2151.0,12.0,12.0,45112.0,45112.0,86.0,86.0,2414.0,2414.0,4.6,4.6,184.0,184.0,0.4,0.4,1102.0,1102.0,2.1,2.1,620.0,620.0,1.2,1.2,280.0,280.0,0.5,0.5,,
India,Maharashtra,27,"Calendar Year (Jan - Dec), 2021",68634.0,68634.0,,,3478.0,3478.0,5.1,5.1,61438.0,61438.0,89.5,89.5,2610.0,2610.0,3.8,3.8,209.0,209.0,0.3,0.3,740.0,740.0,1.1,1.1,1378.0,1378.0,2.0,2.0,145.0,145.0,0.2,0.2,,
India,Maharashtra,27,"Calendar Year (Jan - Dec), 2022",76512.0,76512.0,,,4056.0,4056.0,5.3,5.3,67792.0,67792.0,88.6,88.6,2632.0,2632.0,3.4,3.4,242.0,242.0,0.3,0.3,650.0,650.0,0.8,0.8,1306.0,1306.0,1.7,1.7,331.0,331.0,0.4,0.4,,
India,Andhra Pradesh,28,"Calendar Year (Jan - Dec), 2017",15728.0,15728.0,,,,,,,15209.0,15209.0,97.0,97.0,134.0,134.0,1.0,1.0,,,,,,,,,,,,,20.0,20.0,,,365.0,365.0
India,Andhra Pradesh,28,"Calendar Year (Jan - Dec), 2018",26220.0,26220.0,,,,,,,24722.0,24722.0,94.0,94.0,286.0,286.0,1.0,1.0,99.0,99.0,0.0,0.0,718.0,718.0,3.0,3.0,36.0,36.0,0.0,0.0,359.0,359.0,1.0,1.0,,
India,Andhra Pradesh,28,"Calendar Year (Jan - Dec), 2019",23884.0,23884.0,4446.0,4446.0,2246.0,2246.0,51.0,51.0,22437.0,22437.0,94.0,94.0,369.0,369.0,1.5,1.5,61.0,61.0,0.3,0.3,491.0,491.0,2.1,2.1,96.0,96.0,0.4,0.4,430.0,430.0,1.8,1.8,,
India,Andhra Pradesh,28,"Calendar Year (Jan - Dec), 2020",17131.0,17131.0,3395.0,3395.0,2245.0,2245.0,66.0,66.0,16188.0,16188.0,94.0,94.0,280.0,280.0,1.6,1.6,19.0,19.0,0.1,0.1,150.0,150.0,0.9,0.9,145.0,145.0,0.8,0.8,264.0,264.0,1.5,1.5,,
India,Andhra Pradesh,28,"Calendar Year (Jan - Dec), 2021",24290.0,24290.0,,,3210.0,3210.0,13.2,13.2,23613.0,23613.0,97.2,97.2,238.0,238.0,1.0,1.0,34.0,34.0,0.1,0.1,41.0,41.0,0.2,0.2,239.0,239.0,1.0,1.0,19.0,19.0,0.1,0.1,,
India,Andhra Pradesh,28,"Calendar Year (Jan - Dec), 2022",26735.0,26735.0,,,4038.0,4038.0,15.1,15.1,26187.0,26187.0,98.0,98.0,132.0,132.0,0.5,0.5,54.0,54.0,0.2,0.2,9.0,9.0,0.0,0.0,252.0,252.0,0.9,0.9,9.0,9.0,0.0,0.0,,
India,Karnataka,29,"Calendar Year (Jan - Dec), 2017",11991.0,11991.0,,,,,,,4767.0,4767.0,40.0,40.0,137.0,137.0,1.0,1.0,,,,,,,,,,,,,5988.0,5988.0,,,1099.0,1099.0
India,Karnataka,29,"Calendar Year (Jan - Dec), 2018",13612.0,13612.0,,,,,,,10248.0,10248.0,75.0,75.0,460.0,460.0,3.0,3.0,72.0,72.0,1.0,1.0,359.0,359.0,3.0,3.0,38.0,38.0,0.0,0.0,2435.0,2435.0,18.0,18.0,,
India,Karnataka,29,"Calendar Year (Jan - Dec), 2019",17184.0,17184.0,6335.0,6335.0,924.0,924.0,15.0,15.0,13466.0,13466.0,78.0,78.0,679.0,679.0,4.0,4.0,43.0,43.0,0.3,0.3,265.0,265.0,1.5,1.5,48.0,48.0,0.3,0.3,2683.0,2683.0,15.6,15.6,,
India,Karnataka,29,"Calendar Year (Jan - Dec), 2020",12865.0,12865.0,4615.0,4615.0,1109.0,1109.0,24.0,24.0,10648.0,10648.0,83.0,83.0,551.0,551.0,4.3,4.3,35.0,35.0,0.3,0.3,256.0,256.0,2.0,2.0,107.0,107.0,0.8,0.8,436.0,436.0,3.4,3.4,,
India,Karnataka,29,"Calendar Year (Jan - Dec), 2021",12096.0,12096.0,,,1514.0,1514.0,12.5,12.5,10243.0,10243.0,84.7,84.7,517.0,517.0,4.3,4.3,38.0,38.0,0.3,0.3,228.0,228.0,1.9,1.9,99.0,99.0,0.8,0.8,142.0,142.0,1.2,1.2,,
India,Karnataka,29,"Calendar Year (Jan - Dec), 2022",11893.0,11893.0,,,1970.0,1970.0,16.6,16.6,10467.0,10467.0,88.0,88.0,357.0,357.0,3.0,3.0,37.0,37.0,0.3,0.3,109.0,109.0,0.9,0.9,114.0,114.0,1.0,1.0,93.0,93.0,0.8,0.8,,
India,Goa,30,"Calendar Year (Jan - Dec), 2017",398.0,398.0,,,,,,,0.0,0.0,0.0,0.0,0.0,0.0,0.0,0.0,,,,,,,,,,,,,398.0,398.0,,,0.0,0.0
India,Goa,30,"Calendar Year (Jan - Dec), 2018",507.0,507.0,,,,,,,191.0,191.0,38.0,38.0,1.0,1.0,0.0,0.0,1.0,1.0,0.0,0.0,0.0,0.0,0.0,0.0,1.0,1.0,0.0,0.0,313.0,313.0,62.0,62.0,,
India,Goa,30,"Calendar Year (Jan - Dec), 2019",451.0,451.0,78.0,78.0,0.0,0.0,0.0,0.0,349.0,349.0,77.0,77.0,7.0,7.0,1.6,1.6,1.0,1.0,0.2,0.2,55.0,55.0,12.2,12.2,2.0,2.0,0.4,0.4,37.0,37.0,8.2,8.2,,
India,Goa,30,"Calendar Year (Jan - Dec), 2020",307.0,307.0,68.0,68.0,10.0,10.0,15.0,15.0,282.0,282.0,92.0,92.0,5.0,5.0,1.6,1.6,0.0,0.0,0.0,0.0,15.0,15.0,4.9,4.9,0.0,0.0,0.0,0.0,4.0,4.0,1.3,1.3,,
India,Goa,30,"Calendar Year (Jan - Dec), 2021",393.0,393.0,,,10.0,10.0,2.5,2.5,354.0,354.0,90.1,90.1,24.0,24.0,6.1,6.1,3.0,3.0,0.8,0.8,4.0,4.0,1.0,1.0,3.0,3.0,0.8,0.8,1.0,1.0,0.3,0.3,,
India,Goa,30,"Calendar Year (Jan - Dec), 2022",396.0,396.0,,,1.0,1.0,0.3,0.3,299.0,299.0,75.5,75.5,13.0,13.0,3.3,3.3,0.0,0.0,0.0,0.0,13.0,13.0,3.3,3.3,5.0,5.0,1.3,1.3,14.0,14.0,3.5,3.5,,
India,Lakshadweep,31,"Calendar Year (Jan - Dec), 2017",0.0,0.0,,,,,,,,,,,,,,,,,,,,,,,,,,,,,,,,
India,Lakshadweep,31,"Calendar Year (Jan - Dec), 2019",,,,,,,,,,,,,,,,,,,,,,,,,,,,,,,,,,
India,Lakshadweep,31,"Calendar Year (Jan - Dec), 2020",0.0,0.0,0.0,0.0,,,,,,,,,,,,,,,,,,,,,,,,,,,,,,
India,Lakshadweep,31,"Calendar Year (Jan - Dec), 2022",0.0,0.0,,,,,,,,,,,,,,,,,,,,,,,,,,,,,,,,
India,Kerala,32,"Calendar Year (Jan - Dec), 2017",6470.0,6470.0,,,,,,,4550.0,4550.0,70.0,70.0,80.0,80.0,1.0,1.0,,,,,,,,,,,,,1122.0,1122.0,,,718.0,718.0
India,Kerala,32,"Calendar Year (Jan - Dec), 2019",3399.0,3399.0,1420.0,1420.0,688.0,688.0,48.0,48.0,2755.0,2755.0,81.0,81.0,245.0,245.0,7.2,7.2,13.0,13.0,0.4,0.4,66.0,66.0,1.9,1.9,30.0,30.0,0.9,0.9,290.0,290.0,8.5,8.5,,
India,Kerala,32,"Calendar Year (Jan - Dec), 2020",2945.0,2945.0,1463.0,1463.0,576.0,576.0,39.0,39.0,2311.0,2311.0,78.0,78.0,289.0,289.0,9.8,9.8,10.0,10.0,0.3,0.3,61.0,61.0,2.1,2.1,18.0,18.0,0.6,0.6,34.0,34.0,1.2,1.2,,
India,Kerala,32,"Calendar Year (Jan - Dec), 2021",3121.0,3121.0,,,553.0,553.0,17.7,17.7,2235.0,2235.0,71.6,71.6,295.0,295.0,9.5,9.5,16.0,16.0,0.5,0.5,89.0,89.0,2.9,2.9,28.0,28.0,0.9,0.9,127.0,127.0,4.1,4.1,,
India,Kerala,32,"Calendar Year (Jan - Dec), 2022",2858.0,2858.0,,,457.0,457.0,16.0,16.0,2146.0,2146.0,75.1,75.1,264.0,264.0,9.2,9.2,8.0,8.0,0.3,0.3,123.0,123.0,4.3,4.3,32.0,32.0,1.1,1.1,26.0,26.0,0.9,0.9,,
India,Tamil Nadu,33,"Calendar Year (Jan - Dec), 2017",20701.0,20701.0,,,,,,,11409.0,11409.0,55.0,55.0,87.0,87.0,0.0,0.0,,,,,,,,,,,,,8517.0,8517.0,,,688.0,688.0
India,Tamil Nadu,33,"Calendar Year (Jan - Dec), 2018",26129.0,26129.0,,,,,,,21400.0,21400.0,82.0,82.0,281.0,281.0,1.0,1.0,76.0,76.0,0.0,0.0,568.0,568.0,2.0,2.0,61.0,61.0,0.0,0.0,3743.0,3743.0,14.0,14.0,,
India,Tamil Nadu,33,"Calendar Year (Jan - Dec), 2019",28222.0,28222.0,8884.0,8884.0,2823.0,2823.0,32.0,32.0,23000.0,23000.0,81.0,81.0,709.0,709.0,2.5,2.5,56.0,56.0,0.2,0.2,773.0,773.0,2.7,2.7,71.0,71.0,0.3,0.3,3613.0,3613.0,12.8,12.8,,
India,Tamil Nadu,33,"Calendar Year (Jan - Dec), 2020",14960.0,14960.0,5817.0,5817.0,1869.0,1869.0,32.0,32.0,12356.0,12356.0,83.0,83.0,613.0,613.0,4.1,4.1,39.0,39.0,0.3,0.3,535.0,535.0,3.6,3.6,121.0,121.0,0.8,0.8,696.0,696.0,4.7,4.7,,
India,Tamil Nadu,33,"Calendar Year (Jan - Dec), 2021",15910.0,15910.0,,,2126.0,2126.0,13.4,13.4,13220.0,13220.0,83.1,83.1,573.0,573.0,3.6,3.6,43.0,43.0,0.3,0.3,614.0,614.0,3.9,3.9,142.0,142.0,0.9,0.9,384.0,384.0,2.4,2.4,,
India,Tamil Nadu,33,"Calendar Year (Jan - Dec), 2022",17720.0,17720.0,,,2420.0,2420.0,13.7,13.7,15735.0,15735.0,88.8,88.8,567.0,567.0,3.2,3.2,68.0,68.0,0.4,0.4,443.0,443.0,2.5,2.5,134.0,134.0,0.8,0.8,118.0,118.0,0.7,0.7,,
India,Puducherry,34,"Calendar Year (Jan - Dec), 2017",10.0,10.0,,,,,,,10.0,10.0,100.0,100.0,0.0,0.0,0.0,0.0,,,,,,,,,,,,,0.0,0.0,,,0.0,0.0
India,Puducherry,34,"Calendar Year (Jan - Dec), 2018",21.0,21.0,,,,,,,19.0,19.0,90.0,90.0,0.0,0.0,0.0,0.0,0.0,0.0,0.0,0.0,0.0,0.0,0.0,0.0,0.0,0.0,0.0,0.0,2.0,2.0,10.0,10.0,,
India,Puducherry,34,"Calendar Year (Jan - Dec), 2019",6.0,6.0,2.0,2.0,1.0,1.0,50.0,50.0,2.0,2.0,33.0,33.0,0.0,0.0,0.0,0.0,0.0,0.0,0.0,0.0,0.0,0.0,0.0,0.0,1.0,1.0,16.7,16.7,3.0,3.0,50.0,50.0,,
India,Puducherry,34,"Calendar Year (Jan - Dec), 2020",1.0,1.0,1.0,1.0,1.0,1.0,100.0,100.0,1.0,1.0,100.0,100.0,0.0,0.0,0.0,0.0,0.0,0.0,0.0,0.0,0.0,0.0,0.0,0.0,0.0,0.0,0.0,0.0,0.0,0.0,0.0,0.0,,
India,Puducherry,34,"Calendar Year (Jan - Dec), 2022",2.0,2.0,,,1.0,1.0,50.0,50.0,1.0,1.0,50.0,50.0,0.0,0.0,0.0,0.0,0.0,0.0,0.0,0.0,0.0,0.0,0.0,0.0,0.0,0.0,0.0,0.0,0.0,0.0,0.0,0.0,,
India,Andaman and Nicobar Islands,35,"Calendar Year (Jan - Dec), 2017",26.0,26.0,,,,,,,0.0,0.0,0.0,0.0,0.0,0.0,0.0,0.0,,,,,,,,,,,,,26.0,26.0,,,0.0,0.0
India,Andaman and Nicobar Islands,35,"Calendar Year (Jan - Dec), 2018",20.0,20.0,,,,,,,18.0,18.0,90.0,90.0,0.0,0.0,0.0,0.0,0.0,0.0,0.0,0.0,1.0,1.0,5.0,5.0,0.0,0.0,0.0,0.0,1.0,1.0,5.0,5.0,,
India,Andaman and Nicobar Islands,35,"Calendar Year (Jan - Dec), 2019",11.0,11.0,7.0,7.0,1.0,1.0,14.0,14.0,8.0,8.0,73.0,73.0,0.0,0.0,0.0,0.0,0.0,0.0,0.0,0.0,1.0,1.0,9.1,9.1,0.0,0.0,0.0,0.0,2.0,2.0,18.2,18.2,,
India,Andaman and Nicobar Islands,35,"Calendar Year (Jan - Dec), 2020",0.0,0.0,,,,,,,,,,,,,,,,,,,,,,,,,,,,,,,,
India,Andaman and Nicobar Islands,35,"Calendar Year (Jan - Dec), 2021",1.0,1.0,,,0.0,0.0,0.0,0.0,0.0,0.0,0.0,0.0,1.0,1.0,100.0,100.0,0.0,0.0,0.0,0.0,0.0,0.0,0.0,0.0,0.0,0.0,0.0,0.0,0.0,0.0,0.0,0.0,,
India,Andaman and Nicobar Islands,35,"Calendar Year (Jan - Dec), 2022",4.0,4.0,,,1.0,1.0,25.0,25.0,3.0,3.0,75.0,75.0,0.0,0.0,0.0,0.0,0.0,0.0,0.0,0.0,0.0,0.0,0.0,0.0,0.0,0.0,0.0,0.0,0.0,0.0,0.0,0.0,,
India,Telangana,36,"Calendar Year (Jan - Dec), 2017",7766.0,7766.0,,,,,,,7290.0,7290.0,94.0,94.0,41.0,41.0,1.0,1.0,,,,,,,,,,,,,164.0,164.0,,,271.0,271.0
India,Telangana,36,"Calendar Year (Jan - Dec), 2018",10311.0,10311.0,,,,,,,9369.0,9369.0,91.0,91.0,158.0,158.0,2.0,2.0,23.0,23.0,0.0,0.0,99.0,99.0,1.0,1.0,13.0,13.0,0.0,0.0,649.0,649.0,6.0,6.0,,
India,Telangana,36,"Calendar Year (Jan - Dec), 2019",21751.0,21751.0,7922.0,7922.0,3718.0,3718.0,47.0,47.0,20267.0,20267.0,93.0,93.0,544.0,544.0,2.5,2.5,56.0,56.0,0.3,0.3,98.0,98.0,0.5,0.5,35.0,35.0,0.2,0.2,751.0,751.0,3.5,3.5,,
India,Telangana,36,"Calendar Year (Jan - Dec), 2020",21461.0,21461.0,6340.0,6340.0,4360.0,4360.0,69.0,69.0,19745.0,19745.0,92.0,92.0,518.0,518.0,2.4,2.4,61.0,61.0,0.3,0.3,130.0,130.0,0.6,0.6,123.0,123.0,0.6,0.6,522.0,522.0,2.4,2.4,,
India,Telangana,36,"Calendar Year (Jan - Dec), 2021",16793.0,16793.0,,,3515.0,3515.0,20.9,20.9,15538.0,15538.0,92.5,92.5,419.0,419.0,2.5,2.5,59.0,59.0,0.4,0.4,112.0,112.0,0.7,0.7,77.0,77.0,0.5,0.5,139.0,139.0,0.8,0.8,,
India,Telangana,36,"Calendar Year (Jan - Dec), 2022",18530.0,18530.0,,,4595.0,4595.0,24.8,24.8,17367.0,17367.0,93.7,93.7,231.0,231.0,1.2,1.2,55.0,55.0,0.3,0.3,39.0,39.0,0.2,0.2,110.0,110.0,0.6,0.6,265.0,265.0,1.4,1.4,,
India,Ladakh,37,"Calendar Year (Jan - Dec), 2017",24.0604539461,24.0604539461,,,,,,,2.6029036542,2.6029036542,11.0,11.0,0.0,0.0,0.0,0.0,,,,,,,,,,,,,21.3044383122,21.3044383122,,,0.1531119797,0.1531119797
India,Ladakh,37,"Calendar Year (Jan - Dec), 2018",20.0139230551,20.0139230551,,,,,,,12.9926451309,12.9926451309,65.0,65.0,0.0656194199,0.0656194199,0.0,0.0,0.0437462799,0.0437462799,0.0,0.0,0.2624776794,0.2624776794,1.0,1.0,0.02187314,0.02187314,0.0,0.0,6.6275614051,6.6275614051,33.0,33.0,,
India,Ladakh,37,"Calendar Year (Jan - Dec), 2019",45.0,45.0,7.0,7.0,4.0,4.0,57.0,57.0,44.0,44.0,98.0,98.0,1.0,1.0,2.2,2.2,0.0,0.0,0.0,0.0,0.0,0.0,0.0,0.0,0.0,0.0,0.0,0.0,0.0,0.0,0.0,0.0,,
India,Ladakh,37,"Calendar Year (Jan - Dec), 2020",17.0,17.0,5.0,5.0,5.0,5.0,100.0,100.0,17.0,17.0,100.0,100.0,0.0,0.0,0.0,0.0,0.0,0.0,0.0,0.0,0.0,0.0,0.0,0.0,0.0,0.0,0.0,0.0,0.0,0.0,0.0,0.0,,
India,Ladakh,37,"Calendar Year (Jan - Dec), 2021",25.0,25.0,,,4.0,4.0,16.0,16.0,21.0,21.0,84.0,84.0,1.0,1.0,4.0,4.0,0.0,0.0,0.0,0.0,0.0,0.0,0.0,0.0,0.0,0.0,0.0,0.0,1.0,1.0,4.0,4.0,,
India,Ladakh,37,"Calendar Year (Jan - Dec), 2022",11.0,11.0,,,1.0,1.0,9.1,9.1,8.0,8.0,72.7,72.7,0.0,0.0,0.0,0.0,0.0,0.0,0.0,0.0,0.0,0.0,0.0,0.0,1.0,1.0,9.1,9.1,0.0,0.0,0.0,0.0,,
India,The Dadra and Nagar Haveli and Daman and Diu,38,"Calendar Year (Jan - Dec), 2017",146.0,146.0,,,,,,,136.0,136.0,93.0,93.0,1.0,1.0,0.3693154895,0.3693154895,,,,,,,,,,,,,4.0,4.0,,,5.0,5.0
India,The Dadra and Nagar Haveli and Daman and Diu,38,"Calendar Year (Jan - Dec), 2018",91.0,91.0,,,,,,,89.0,89.0,97.3693154895,97.3693154895,0.0,0.0,0.0,0.0,0.0,0.0,0.0,0.0,1.0,1.0,1.8920535316,1.8920535316,0.0,0.0,0.0,0.0,1.0,1.0,0.7386309789,0.7386309789,,
India,The Dadra and Nagar Haveli and Daman and Diu,38,"Calendar Year (Jan - Dec), 2019",157.0,157.0,6.0,6.0,0.0,0.0,0.0,0.0,152.0,152.0,97.0,97.0,2.0,2.0,1.3,1.3,0.0,0.0,0.0,0.0,2.0,2.0,1.3,1.3,0.0,0.0,0.0,0.0,1.0,1.0,0.6,0.6,,
India,The Dadra and Nagar Haveli and Daman and Diu,38,"Calendar Year (Jan - Dec), 2020",74.0,74.0,8.0,8.0,6.0,6.0,75.0,75.0,70.0,70.0,95.0,95.0,1.0,1.0,1.4,1.4,0.0,0.0,0.0,0.0,0.0,0.0,0.0,0.0,1.0,1.0,1.4,1.4,1.0,1.0,1.4,1.4,,
India,The Dadra and Nagar Haveli and Daman and Diu,38,"Calendar Year (Jan - Dec), 2021",49.0,49.0,,,5.0,5.0,10.2,10.2,48.0,48.0,98.0,98.0,1.0,1.0,2.0,2.0,0.0,0.0,0.0,0.0,0.0,0.0,0.0,0.0,0.0,0.0,0.0,0.0,0.0,0.0,0.0,0.0,,
India,The Dadra and Nagar Haveli and Daman and Diu,38,"Calendar Year (Jan - Dec), 2022",74.0,74.0,,,4.0,4.0,5.4,5.4,73.0,73.0,98.6,98.6,0.0,0.0,0.0,0.0,0.0,0.0,0.0,0.0,0.0,0.0,0.0,0.0,0.0,0.0,0.0,0.0,0.0,0.0,0.0,0.0,,
